Data,Otwarcie,Najwyzszy,Najnizszy,Zamkniecie,Wolumen
2010-05-12,19.198,19.803,19.148,19.803,131351676
2010-05-13,19.692,19.906,19.474,19.638,32875733
2010-05-14,19.544,19.803,19.434,19.528,19216595
2010-05-17,19.032,19.417,18.989,19.308,16931470
2010-05-18,19.28,19.517,19.269,19.417,10442771
2010-05-19,19.265,19.352,19.027,19.027,16812903
2010-05-20,18.923,18.978,18.181,18.208,18859101
2010-05-21,18.208,18.51,17.933,18.51,9691423
2010-05-24,18.516,18.95,18.51,18.84,8532470
2010-05-25,18.433,18.697,18.042,18.152,9234313
2010-05-26,18.39,19.474,18.39,19.474,46240526
2010-05-27,19.143,19.384,19.087,19.265,4340766
2010-05-28,19.275,19.33,19.032,19.253,3011887
2010-05-31,19.032,19.253,18.869,19.253,1358225
2010-06-01,19,19.241,18.73,19.176,4573937
2010-06-02,19.082,19.308,19.038,19.225,4136441
2010-06-04,19.176,19.308,18.813,18.813,4044745
2010-06-07,18.483,18.84,18.483,18.702,3290173
2010-06-08,18.713,18.923,18.648,18.648,22141995
2010-06-09,18.686,19.138,18.593,19.087,4021325
2010-06-10,18.938,19.324,18.938,19.253,5918910
2010-06-11,19.22,19.28,19.11,19.198,7205540
2010-06-14,19.198,19.445,19.087,19.346,3003762
2010-06-15,19.253,19.412,19.16,19.389,4862952
2010-06-16,19.4,19.445,19.044,19.384,6005681
2010-06-17,19.225,19.473,19.198,19.45,5427305
2010-06-18,19.396,19.736,19.396,19.665,20241601
2010-06-21,19.638,20.067,19.638,20.067,6276987
2010-06-22,19.831,19.984,19.72,19.803,3224479
2010-06-23,19.747,19.913,19.704,19.747,3759285
2010-06-24,19.747,19.858,19.528,19.528,3049843
2010-06-25,19.583,19.769,19.533,19.533,3931520
2010-06-28,19.561,19.621,19.28,19.362,1266754
2010-06-29,19.362,19.407,19.198,19.253,4217704
2010-06-30,19.253,19.473,19.225,19.253,1869443
2010-07-01,19.253,19.676,19.153,19.583,4152297
2010-07-02,19.407,19.803,19.407,19.474,3121614
2010-07-05,19.484,19.539,19.362,19.368,438103
2010-07-06,19.407,19.725,19.396,19.725,852357
2010-07-07,19.478,19.747,19.445,19.692,3769955
2010-07-08,19.803,20.067,19.583,19.743,7678304
2010-07-09,19.753,19.88,19.605,19.858,771558
2010-07-12,19.803,20.463,19.715,20.463,4624692
2010-07-13,20.369,20.792,20.369,20.792,4772447
2010-07-14,20.792,20.891,20.353,20.353,2105147
2010-07-15,20.353,20.573,20.297,20.353,722658
2010-07-16,20.243,20.655,20.243,20.243,1074882
2010-07-19,20.221,20.633,20.187,20.557,4781403
2010-07-20,20.519,20.557,20.297,20.358,1945378
2010-07-21,20.408,20.728,20.408,20.6,3419349
2010-07-22,20.573,21.013,20.524,21.013,4517034
2010-07-23,20.903,21.04,20.715,20.738,2534757
2010-07-26,21.069,21.431,20.858,21.354,3514613
2010-07-27,21.399,21.529,20.744,21.129,6451481
2010-07-28,21.288,21.288,20.848,20.855,1718608
2010-07-29,20.903,21.453,20.903,21.453,4993687
2010-07-30,21.453,21.705,21.315,21.672,7376836
2010-08-02,21.684,22.014,21.635,21.837,3866468
2010-08-03,21.837,22.069,21.811,21.947,2753417
2010-08-04,21.932,21.932,21.728,21.784,1115156
2010-08-05,21.728,21.943,21.618,21.866,4443024
2010-08-06,21.888,21.893,21.672,21.728,1107211
2010-08-09,21.645,21.728,20.92,21.013,2536554
2010-08-10,21.123,21.123,20.876,20.985,3187737
2010-08-11,20.985,21.04,20.682,20.738,2005149
2010-08-12,20.728,21.232,20.728,21.069,2383565
2010-08-13,21.409,21.618,21.195,21.338,1608035
2010-08-16,21.399,21.618,21.244,21.459,1071884
2010-08-17,21.453,21.453,21.018,21.177,1127801
2010-08-18,21.327,21.327,20.997,21.255,1593428
2010-08-19,21.244,21.453,21.123,21.174,2100996
2010-08-20,21.189,21.491,21.123,21.442,2331370
2010-08-23,21.673,22.217,21.629,22.098,2188195
2010-08-24,22.031,22.048,21.448,21.827,1680545
2010-08-25,21.708,21.929,21.38,21.476,1240289
2010-08-26,21.209,21.651,20.858,20.995,2597407
2010-08-27,20.882,21.143,20.882,21.143,1974342
2010-08-30,21.278,21.476,21.232,21.232,1992469
2010-08-31,21.051,21.368,20.939,21.368,3252266
2010-09-01,21.493,21.504,21.22,21.22,2105147
2010-09-02,21.385,21.47,21.198,21.198,1519968
2010-09-03,21.255,21.607,21.22,21.607,1187941
2010-09-06,21.64,21.872,21.64,21.872,1709710
2010-09-07,21.673,21.776,21.511,21.673,950392
2010-09-08,21.697,22.387,21.673,22.352,4747610
2010-09-09,22.126,22.625,22.076,22.597,3796408
2010-09-10,22.36,22.631,22.319,22.409,2859218
2010-09-13,22.625,22.636,22.387,22.472,3452642
2010-09-14,22.467,22.694,22.302,22.67,3587765
2010-09-15,22.642,22.749,22.455,22.749,2184163
2010-09-16,22.556,22.738,22.523,22.523,1436360
2010-09-17,22.597,22.777,22.296,22.777,4711652
2010-09-20,22.523,23.026,22.523,22.968,1711304
2010-09-21,22.968,23.626,22.87,23.258,4439445
2010-09-22,23.144,23.395,23.095,23.258,1957084
2010-09-23,23.213,23.265,22.653,22.694,3582924
2010-09-24,22.694,22.738,22.319,22.352,6387035
2010-09-27,22.579,22.681,22.495,22.523,1233533
2010-09-28,22.523,22.631,22.313,22.584,1487744
2010-09-29,22.523,22.694,22.352,22.523,2248953
2010-09-30,22.495,23.203,22.422,23.203,4634992
2010-10-01,22.87,23.191,22.636,22.636,1897716
2010-10-04,22.694,22.947,22.591,22.947,1694081
2010-10-05,22.862,22.914,22.584,22.794,2951284
2010-10-06,22.857,22.976,22.648,22.789,1601469
2010-10-07,22.687,22.914,22.352,22.352,1595022
2010-10-08,22.422,22.625,22.076,22.212,2209249
2010-10-11,22.326,22.444,22.183,22.341,1718846
2010-10-12,22.245,22.341,22.132,22.183,2136049
2010-10-13,22.268,22.488,22.2,22.409,6543200
2010-10-14,22.467,22.523,21.811,21.816,7798191
2010-10-15,21.837,21.957,21.624,21.731,2814257
2010-10-18,21.759,21.845,21.673,21.845,1933793
2010-10-19,21.845,22.212,21.816,22.019,3459077
2010-10-20,21.867,22.126,21.731,21.816,5285344
2010-10-21,22.013,22.013,21.392,21.673,2871316
2010-10-22,21.663,21.663,21.261,21.56,2391070
2010-10-25,21.673,21.673,21.171,21.22,1744418
2010-10-26,21.22,21.306,20.888,20.939,3069314
2010-10-27,21.051,21.498,21.051,21.336,4229290
2010-10-28,21.555,21.872,21.392,21.617,2511218
2010-10-29,21.645,21.69,21.165,21.398,2706005
2010-11-02,21.504,21.594,21.448,21.533,2012405
2010-11-03,21.533,21.56,21.22,21.22,2149812
2010-11-04,21.392,21.533,21.22,21.278,3698028
2010-11-05,21.38,21.663,21.278,21.59,2692124
2010-11-08,21.617,21.879,21.402,21.669,3254954
2010-11-09,21.521,21.957,21.415,21.792,4398539
2010-11-10,21.776,21.782,21.476,21.482,3246806
2010-11-12,21.108,21.278,20.898,20.939,8704990
2010-11-15,21.22,21.24,20.349,20.503,13640880
2010-11-16,20.542,20.542,20.13,20.264,8045432
2010-11-17,20.315,21.193,20.192,20.882,9272625
2010-11-18,20.775,21.13,20.683,20.831,25502442
2010-11-19,20.978,20.978,20.673,20.673,14462430
2010-11-22,20.932,20.984,20.712,20.724,7006971
2010-11-23,20.724,20.74,20.219,20.227,11294510
2010-11-24,20.367,20.514,20.208,20.311,12345982
2010-11-25,20.373,20.463,20.231,20.304,3755741
2010-11-26,20.287,20.304,19.835,19.976,8039485
2010-11-29,20.197,20.242,19.812,19.864,5744107
2010-11-30,20.027,20.146,19.831,20.084,13131480
2010-12-01,20.14,20.628,20.045,20.514,5951192
2010-12-02,20.6,20.813,20.525,20.593,5904708
2010-12-03,20.655,20.696,20.277,20.536,1603385
2010-12-06,20.577,20.768,20.373,20.768,4128756
2010-12-07,20.632,20.825,20.604,20.825,4001543
2010-12-08,20.558,20.821,20.333,20.48,3828869
2010-12-09,20.486,20.565,20.327,20.373,3943759
2010-12-10,20.429,20.74,20.402,20.402,7143177
2010-12-13,20.554,20.639,20.48,20.57,1108282
2010-12-14,20.645,20.752,20.457,20.752,3400401
2010-12-15,20.628,20.74,20.52,20.712,1605465
2010-12-16,20.679,20.763,20.402,20.435,2646555
2010-12-17,20.48,20.486,20.258,20.315,9092957
2010-12-20,20.258,20.402,20.152,20.203,3109470
2010-12-21,20.258,20.258,20.095,20.203,3638769
2010-12-22,20.264,20.264,20.163,20.185,2161171
2010-12-23,20.185,20.208,20.158,20.192,1800085
2010-12-27,20.181,20.203,20.084,20.174,952832
2010-12-28,20.146,20.174,20.088,20.118,1983988
2010-12-29,20.146,20.287,20.123,20.203,1943796
2010-12-30,20.203,20.264,20.123,20.136,1083077
2010-12-31,20.135,20.146,19.874,20.119,1825956
2011-01-03,20.163,20.508,20.146,20.486,1593059
2011-01-04,20.486,20.486,19.927,19.927,3556768
2011-01-05,19.97,19.988,19.529,19.864,3634071
2011-01-07,19.919,19.919,19.586,19.864,2697036
2011-01-10,19.692,19.739,19.218,19.388,4994305
2011-01-11,19.388,19.739,19.331,19.596,4465683
2011-01-12,19.58,19.637,19.291,19.467,3005059
2011-01-13,19.58,19.596,18.856,19.298,5028478
2011-01-14,19.269,19.575,19.127,19.298,2163323
2011-01-17,19.377,19.692,19.298,19.692,4482051
2011-01-18,19.796,20.111,19.692,20.088,5510544
2011-01-19,20.106,20.219,19.62,19.807,3251742
2011-01-20,19.58,19.949,19.496,19.8,3129774
2011-01-21,19.778,19.908,19.692,19.727,1193294
2011-01-24,19.727,19.789,19.308,19.692,2265380
2011-01-25,19.608,19.773,19.439,19.603,2396280
2011-01-26,19.62,19.8,19.529,19.716,1880766
2011-01-27,19.762,19.762,19.336,19.383,2500905
2011-01-28,19.383,19.631,19.308,19.58,1927739
2011-01-31,19.383,19.523,19.297,19.523,3518050
2011-02-01,19.564,19.575,19.411,19.523,2903527
2011-02-02,19.545,19.682,19.371,19.631,3200643
2011-02-03,19.676,20.227,19.58,20.208,6994470
2011-02-04,20.311,20.373,19.892,19.942,4726522
2011-02-07,19.88,20.203,19.864,19.976,3475778
2011-02-08,20.084,20.084,19.927,19.999,4523682
2011-02-09,19.927,19.976,19.75,19.807,3758441
2011-02-10,19.767,19.807,19.558,19.692,3688167
2011-02-11,19.688,19.789,19.637,19.75,4221404
2011-02-14,19.796,19.858,19.552,19.637,2366520
2011-02-15,19.535,19.682,19.535,19.552,5730797
2011-02-16,19.631,19.631,19.354,19.411,6989772
2011-02-17,19.411,19.467,19.099,19.099,5957841
2011-02-18,19.127,19.523,19.127,19.422,4178322
2011-02-21,19.422,19.569,19.371,19.523,3987674
2011-02-22,19.507,20.022,19.354,19.903,7077411
2011-02-23,19.864,19.976,19.665,19.807,4358514
2011-02-24,19.608,20.061,19.592,19.75,3827026
2011-02-25,19.767,19.864,19.603,19.688,3170490
2011-02-28,19.586,19.784,19.523,19.659,4574675
2011-03-01,19.608,19.648,19.235,19.427,3993799
2011-03-02,19.298,19.366,19.139,19.191,3338418
2011-03-03,19.336,19.682,19.269,19.682,3245306
2011-03-04,19.745,20.034,19.642,19.807,3235696
2011-03-07,19.874,20.005,19.721,19.778,2149217
2011-03-08,19.807,20.061,19.807,20.027,3021937
2011-03-09,19.896,19.97,19.596,19.596,2978606
2011-03-10,19.592,19.692,19.433,19.467,2815447
2011-03-11,19.383,19.455,19.191,19.354,3961352
2011-03-14,19.269,19.411,19.269,19.411,2987634
2011-03-15,19.354,19.4,19.195,19.348,3616978
2011-03-16,19.692,19.864,19.156,19.224,3984344
2011-03-17,19.257,19.96,19.195,19.864,8008892
2011-03-18,19.864,20.508,19.818,20.508,10805772
2011-03-21,20.486,20.486,20.227,20.287,4303702
2011-03-22,20.258,20.258,19.93,19.976,2591304
2011-03-23,19.976,20.258,19.868,20.158,1996501
2011-03-24,20.061,20.136,19.864,19.919,2227685
2011-03-25,19.93,20.111,19.807,19.949,1835295
2011-03-28,19.919,20.304,19.919,20.293,2655429
2011-03-29,20.293,20.452,20.118,20.146,5080743
2011-03-30,20.192,20.373,19.846,19.846,3658122
2011-03-31,20.005,20.146,19.903,20.146,4696571
2011-04-01,20.219,20.679,20.203,20.48,12692379
2011-04-04,20.6,20.649,20.491,20.6,2738144
2011-04-05,20.542,20.655,20.542,20.628,1621250
2011-04-06,20.655,20.882,20.628,20.768,8070232
2011-04-07,20.768,20.932,20.712,20.882,4270112
2011-04-08,20.882,20.927,20.486,20.628,5081813
2011-04-11,20.655,20.701,20.542,20.616,2320059
2011-04-12,20.542,20.712,20.457,20.582,4213435
2011-04-13,20.712,20.792,20.554,20.628,5675927
2011-04-14,20.577,20.666,20.463,20.57,5465879
2011-04-15,20.628,20.701,20.498,20.604,3839753
2011-04-18,20.628,20.701,20.344,20.344,4401394
2011-04-19,20.344,20.6,20.344,20.486,4462722
2011-04-20,20.588,20.696,20.548,20.548,4998218
2011-04-21,20.655,20.696,20.514,20.565,4157268
2011-04-26,20.565,20.757,20.565,20.701,3008592
2011-04-27,20.728,20.871,20.666,20.855,5600646
2011-04-28,20.831,21.22,20.831,21.165,7222965
2011-04-29,21.22,21.272,21.016,21.108,2038276
2011-05-02,21.165,21.363,21.108,21.278,2765275
2011-05-04,21.047,21.346,20.798,20.995,6718015
2011-05-05,20.939,21.091,20.939,21.006,5889055
2011-05-06,21.08,21.244,21.012,21.165,8495525
2011-05-09,21.22,21.323,20.798,20.798,1919972
2011-05-10,20.855,21.306,20.855,21.25,7847958
2011-05-11,21.244,21.748,21.227,21.731,7507593
2011-05-12,21.669,21.821,21.539,21.787,10445483
2011-05-13,21.787,22.179,21.748,22.064,4038690
2011-05-16,21.845,22.241,21.624,22.241,3232758
2011-05-17,22.071,22.071,21.673,21.673,3771727
2011-05-18,21.72,21.833,21.182,21.182,4334106
2011-05-19,21.504,22.013,21.453,21.679,6512036
2011-05-20,21.741,22.179,21.741,22.071,4491056
2011-05-23,21.787,22.048,21.697,22.048,3503777
2011-05-24,21.799,22.126,21.731,22.098,4327243
2011-05-25,22.048,22.501,21.907,22.455,4805442
2011-05-26,22.517,22.556,22.137,22.222,5606153
2011-05-27,22.222,22.268,21.986,22.071,3804938
2011-05-30,22.183,22.183,21.944,22.008,1122472
2011-05-31,22.064,22.126,21.968,22.013,4719527
2011-06-01,22.172,22.233,22.019,22.071,4316847
2011-06-02,21.957,22.268,21.944,22.126,1698791
2011-06-03,22.126,22.23,21.912,22.071,3223635
2011-06-06,22.076,22.256,22.076,22.155,1793973
2011-06-07,22.16,22.296,22.059,22.104,3440510
2011-06-08,22.104,22.179,21.776,21.845,5474932
2011-06-09,20.728,21.051,20.728,21.023,29319083
2011-06-10,21.023,21.193,20.843,21.051,20400134
2011-06-13,21.143,21.476,21.064,21.232,4180641
2011-06-14,21.415,21.753,21.392,21.673,10041779
2011-06-15,21.617,21.617,21.392,21.504,3911216
2011-06-16,21.448,21.837,21.306,21.804,8465253
2011-06-17,21.673,21.975,21.673,21.957,8174501
2011-06-20,21.895,21.957,21.673,21.845,4533983
2011-06-21,21.827,21.833,21.426,21.731,5106637
2011-06-22,21.708,21.725,21.34,21.34,5928676
2011-06-24,21.346,21.617,21.306,21.504,2798699
2011-06-27,21.392,21.488,20.984,21.448,3093603
2011-06-28,21.336,21.607,21.24,21.607,4697641
2011-06-29,21.566,21.769,21.527,21.673,3906304
2011-06-30,21.698,21.769,21.22,21.22,8805546
2011-07-01,21.25,21.533,21.25,21.533,1849068
2011-07-04,21.663,21.663,21.368,21.56,2608088
2011-07-05,21.607,21.617,21.392,21.607,3797016
2011-07-06,21.511,21.59,21.283,21.328,2360822
2011-07-07,21.442,21.59,21.306,21.488,1829393
2011-07-08,21.498,21.539,21.25,21.336,1415830
2011-07-11,21.336,21.392,21.051,21.171,3770811
2011-07-12,21.029,21.147,20.888,20.995,5279955
2011-07-13,21.051,21.217,20.995,21.125,2952425
2011-07-14,21.125,21.165,20.962,21.165,2744281
2011-07-15,21,21.13,20.962,21.051,3884632
2011-07-18,20.95,21.051,20.712,20.752,2634969
2011-07-19,20.831,21.023,20.825,20.939,2737692
2011-07-20,20.989,21.165,20.95,21.006,4264534
2011-07-21,20.973,21.154,20.798,21.04,4130458
2011-07-22,21.108,21.336,20.995,21.323,1763414
2011-07-25,21.289,21.436,21.125,21.392,1582403
2011-07-26,21.47,21.47,21.13,21.464,1246569
2011-07-27,21.306,21.419,21.058,21.227,1037211
2011-07-28,21.069,21.442,21.023,21.392,2544629
2011-07-29,21.301,21.448,21.182,21.448,2925389
2011-08-01,21.453,21.59,21.373,21.392,2863774
2011-08-02,21.22,21.385,21.176,21.385,2480862
2011-08-03,21.051,21.193,20.689,20.712,7753550
2011-08-04,20.792,21.035,20.174,20.258,6729707
2011-08-05,19.692,20.383,19.692,19.927,9768215
2011-08-08,19.8,20.095,19.478,19.8,7906871
2011-08-09,19.919,20.158,18.562,19.094,12985913
2011-08-10,19.324,19.637,18.058,18.233,9817160
2011-08-11,18.59,19.235,17.656,19.021,10220651
2011-08-12,19.071,19.523,18.844,19.523,7408499
2011-08-16,20.088,20.095,19.383,20.005,4845753
2011-08-17,19.807,19.964,19.552,19.75,5884879
2011-08-18,19.734,19.739,18.109,18.903,6275891
2011-08-19,18.84,19.183,18.221,18.958,6076669
2011-08-22,18.787,19.082,18.68,19.031,3385687
2011-08-23,19.099,19.235,18.449,18.658,4771781
2011-08-24,18.895,19.133,18.68,19.043,5145783
2011-08-25,19.354,19.676,18.618,18.903,7431396
2011-08-26,18.986,19.009,18.392,18.51,5208884
2011-08-29,18.776,19.58,18.675,19.58,3359520
2011-08-30,19.625,19.8,19.496,19.796,5510448
2011-08-31,19.807,20.14,19.807,20.088,14318386
2011-09-01,20.088,20.088,19.637,20.034,3097921
2011-09-02,19.834,19.919,19.433,19.721,5086227
2011-09-05,19.518,19.625,19.24,19.298,3953977
2011-09-06,19.274,19.575,18.555,18.958,8836924
2011-09-07,19.191,19.864,19.133,19.75,5932482
2011-09-08,19.797,20.034,19.615,20.005,4259990
2011-09-09,19.811,19.96,19.015,19.015,4857219
2011-09-12,18.844,19.298,18.606,19.298,6138734
2011-09-13,19.439,19.716,19.202,19.24,5454770
2011-09-14,19.195,19.625,19.071,19.541,4980852
2011-09-15,19.58,19.908,19.139,19.625,6889429
2011-09-16,19.692,19.692,19.478,19.58,4972526
2011-09-19,19.569,19.682,19.202,19.682,3845628
2011-09-20,19.682,19.8,19.496,19.496,3661131
2011-09-21,19.692,19.8,19.535,19.631,4624418
2011-09-22,19.466,19.58,18.562,18.924,7018617
2011-09-23,18.958,19.314,18.166,19.229,6801338
2011-09-26,18.952,19.354,18.903,19.122,6320794
2011-09-27,19.466,19.615,19.331,19.455,10395810
2011-09-28,19.603,19.707,18.997,19.463,6376972
2011-09-29,19.345,19.591,19.162,19.468,6966447
2011-09-30,19.357,19.455,18.984,19.285,5978681
2011-10-03,18.916,19.162,18.648,18.672,5014705
2011-10-04,18.488,18.488,17.331,18.01,9830721
2011-10-05,18.305,18.305,17.877,18.305,3499007
2011-10-06,18.365,18.856,18.096,18.538,5979121
2011-10-07,18.702,19.095,18.519,18.763,6560531
2011-10-10,18.916,19.591,18.794,19.585,4516676
2011-10-11,19.591,19.701,19.297,19.413,4684189
2011-10-12,19.591,19.835,19.285,19.505,3678010
2011-10-13,19.523,19.626,19.04,19.04,3630836
2011-10-14,19.107,19.339,18.745,19.224,3003252
2011-10-17,19.285,19.682,18.947,19.224,2767119
2011-10-18,19.088,19.224,18.916,19.216,1962578
2011-10-19,19.247,19.56,19.224,19.56,2621945
2011-10-20,19.499,19.676,19.285,19.315,4592481
2011-10-21,19.407,19.737,19.407,19.701,2680503
2011-10-24,19.701,20.497,19.652,20.172,4142198
2011-10-25,20.41,20.44,19.78,20.325,3072728
2011-10-26,20.203,20.264,19.775,19.792,3938217
2011-10-27,20.356,20.693,20.141,20.675,4794784
2011-10-28,20.675,20.797,20.576,20.68,3430780
2011-10-31,20.552,20.864,20.429,20.662,6303238
2011-11-02,20.264,20.662,20.251,20.509,3462289
2011-11-03,20.264,21.036,20.264,20.998,2750752
2011-11-04,21.029,21.029,20.509,20.686,4013117
2011-11-07,20.632,20.895,20.386,20.606,2578601
2011-11-08,20.424,20.699,20.277,20.503,7807253
2011-11-09,20.514,20.534,19.652,19.652,4340540
2011-11-10,19.577,19.591,19.229,19.315,6626902
2011-11-14,19.927,20.178,19.285,19.468,3605156
2011-11-15,19.565,19.682,19.247,19.345,2965093
2011-11-16,19.591,19.835,19.345,19.835,3904876
2011-11-17,19.56,19.835,19.419,19.652,3154693
2011-11-18,19.475,19.927,19.475,19.775,3388126
2011-11-21,19.529,19.805,19.529,19.67,3900428
2011-11-22,19.67,19.873,19.407,19.407,2670772
2011-11-23,19.4,19.713,18.74,19.027,3305340
2011-11-24,19.027,19.192,18.873,19.04,4463233
2011-11-25,19.002,19.156,18.679,19.032,3167624
2011-11-28,19.162,19.211,18.856,18.978,4760528
2011-11-29,18.873,19.432,18.873,18.997,4364353
2011-11-30,19.205,19.554,19.04,19.554,9289907
2011-12-01,19.529,19.694,19.377,19.64,2891846
2011-12-02,19.701,20.27,19.633,19.903,3587075
2011-12-05,20.08,20.221,19.976,20.203,2210831
2011-12-06,20.068,20.282,19.762,20.001,4506363
2011-12-07,19.958,20.08,19.475,19.939,3184239
2011-12-08,19.744,20.013,19.04,19.04,3238373
2011-12-09,18.941,19.357,18.808,19.357,6215277
2011-12-12,19.255,19.255,18.771,19.064,3435621
2011-12-13,19.04,19.499,18.916,19.278,4046387
2011-12-14,19.285,19.547,19.058,19.088,3350539
2011-12-15,19.259,19.327,18.947,19.101,4045673
2011-12-16,19.156,19.278,18.916,18.984,8076500
2011-12-19,19.027,19.224,18.672,18.967,1864649
2011-12-20,18.825,19.144,18.635,19.125,2535994
2011-12-21,19.015,19.247,18.881,19.04,1504040
2011-12-22,18.978,19.07,18.801,18.916,1747844
2011-12-23,18.916,19.07,18.916,19.07,1497617
2011-12-27,19.076,19.149,18.99,19.101,1963720
2011-12-28,19.009,19.138,18.916,18.978,1627626
2011-12-29,19.04,19.149,18.873,18.978,2453505
2011-12-30,19.224,19.224,18.916,18.916,3530730
2012-01-02,18.954,19.216,18.954,19.131,2289145
2012-01-03,19.216,19.315,19.015,19.315,5119377
2012-01-04,19.169,19.241,18.783,18.808,6602031
2012-01-05,18.941,19.131,18.611,19.131,3651973
2012-01-09,19.162,19.205,18.861,18.886,2499609
2012-01-10,18.916,19.082,18.788,18.869,3987461
2012-01-11,18.869,18.941,18.672,18.763,2706361
2012-01-12,18.763,19.186,18.732,19.009,3473434
2012-01-13,19.144,19.162,18.702,18.794,2375702
2012-01-16,18.856,19.162,18.794,19.015,3132332
2012-01-17,19.169,19.547,19.131,19.455,5769847
2012-01-18,19.529,19.64,19.174,19.285,3131332
2012-01-19,19.407,19.652,19.241,19.652,5600265
2012-01-20,19.529,20.018,19.419,20.018,3194695
2012-01-23,19.713,20.044,19.547,19.591,4357716
2012-01-24,19.646,19.799,19.529,19.713,2282163
2012-01-25,19.755,19.958,19.626,19.831,1617455
2012-01-26,19.878,20.814,19.835,20.509,6723000
2012-01-27,20.509,20.754,20.392,20.699,4161419
2012-01-30,20.632,20.723,20.277,20.392,2352139
2012-01-31,20.569,20.791,20.454,20.454,3074131
2012-02-01,20.399,21.096,20.399,20.888,2488607
2012-02-02,21.122,21.122,20.766,21.029,2656297
2012-02-03,20.998,21.273,20.895,21.273,3080091
2012-02-06,21.122,21.305,21.029,21.305,2621018
2012-02-07,21.194,21.305,20.962,21.183,3671955
2012-02-08,20.907,21.36,20.907,21.163,3271987
2012-02-09,20.417,21.243,20.417,20.791,8160905
2012-02-10,20.814,20.822,20.521,20.6,4402144
2012-02-13,20.754,20.809,20.637,20.723,1815429
2012-02-14,20.814,21.122,20.637,20.814,3250018
2012-02-15,20.998,21.023,20.699,20.809,9245327
2012-02-16,20.754,20.931,20.595,20.595,2447784
2012-02-17,20.883,20.985,20.827,20.876,4320308
2012-02-20,20.985,21.048,20.832,20.998,2347892
2012-02-21,21.122,21.122,20.791,20.791,4523135
2012-02-22,20.822,20.925,20.662,20.814,3461314
2012-02-23,20.595,20.876,20.569,20.569,3155586
2012-02-24,20.754,20.814,20.569,20.569,2246753
2012-02-27,20.539,20.754,20.509,20.754,2079002
2012-02-28,20.723,20.809,20.277,20.447,2595836
2012-02-29,20.6,20.68,20.264,20.503,4533935
2012-03-01,20.325,20.392,19.927,20.264,3682197
2012-03-02,20.246,20.264,19.933,20.172,3835292
2012-03-05,20.08,20.203,19.841,20.13,1809399
2012-03-06,19.958,20.203,19.896,20.161,3156216
2012-03-07,20.161,20.325,19.933,20.08,2423423
2012-03-08,20.018,20.386,19.97,20.386,2734729
2012-03-09,20.313,20.509,20.141,20.203,1428248
2012-03-12,20.325,20.325,19.994,20.197,1017049
2012-03-13,20.148,20.203,20.018,20.11,2467064
2012-03-14,20.13,20.618,20.13,20.606,6389819
2012-03-15,20.606,20.736,20.216,20.491,5391537
2012-03-16,20.405,20.613,20.307,20.325,6196923
2012-03-19,20.44,20.491,20.208,20.227,12585898
2012-03-20,20.233,20.386,19.865,19.873,4070045
2012-03-21,19.896,19.958,19.529,19.585,6872026
2012-03-22,19.646,19.646,19.169,19.345,5891315
2012-03-23,19.499,19.835,19.468,19.835,6435363
2012-03-26,19.755,19.878,19.572,19.835,2116791
2012-03-27,19.946,20.203,19.865,20.018,4701721
2012-03-28,20.05,20.148,19.853,19.958,2667477
2012-03-29,19.865,19.939,19.633,19.805,4562042
2012-03-30,19.799,19.946,19.688,19.896,3643633
2012-04-02,19.805,20.061,19.657,19.835,3108947
2012-04-03,19.885,19.976,19.652,19.762,2460416
2012-04-04,19.682,19.835,19.596,19.652,2780549
2012-04-05,19.646,19.701,19.542,19.542,2371741
2012-04-10,19.285,19.591,19.162,19.297,2267403
2012-04-11,19.297,19.407,19.156,19.407,2489356
2012-04-12,19.437,19.646,19.29,19.615,2169997
2012-04-13,19.646,19.646,19.315,19.352,2918465
2012-04-16,19.357,19.449,19.205,19.389,2940376
2012-04-17,19.352,19.511,19.285,19.413,2682751
2012-04-18,19.437,19.463,19.138,19.138,3512449
2012-04-19,19.162,19.315,19.101,19.101,2780096
2012-04-20,19.113,19.241,19.046,19.107,2438696
2012-04-23,19.327,19.369,19.015,19.131,2039358
2012-04-24,19.315,19.339,19.07,19.131,3830654
2012-04-25,19.138,19.493,19.107,19.345,3084657
2012-04-26,19.345,19.731,19.345,19.565,4597715
2012-04-27,19.56,19.865,19.407,19.865,2089922
2012-04-30,19.866,19.885,19.517,19.517,1462659
2012-05-02,19.621,19.621,19.345,19.468,1905127
2012-05-04,19.468,19.652,19.437,19.652,4277630
2012-05-07,19.475,19.615,19.407,19.615,1236102
2012-05-08,19.468,19.652,19.285,19.285,2462581
2012-05-09,19.377,19.511,19.101,19.107,3465858
2012-05-10,19.199,19.499,19.107,19.499,2242375
2012-05-11,19.463,19.572,19.192,19.572,1086194
2012-05-14,19.517,19.517,19.095,19.107,1936958
2012-05-15,19.149,19.224,18.794,18.794,2889812
2012-05-16,18.783,19.101,18.378,19.095,4362415
2012-05-17,19.088,19.088,18.519,18.519,3805639
2012-05-18,18.164,18.672,18.164,18.568,1566487
2012-05-21,18.672,19.162,18.617,19.162,1252873
2012-05-22,19.224,19.224,18.654,18.732,3133378
2012-05-23,18.66,18.732,18.391,18.397,2377891
2012-05-24,18.488,18.538,17.761,18.305,5442114
2012-05-25,18.457,18.672,18.134,18.243,2042652
2012-05-28,18.305,18.635,18.305,18.488,995949
2012-05-29,18.501,18.599,18.079,18.488,2685343
2012-05-30,18.488,18.488,17.979,18.213,4591921
2012-05-31,18.182,18.538,17.956,18.121,3804318
2012-06-01,18.177,18.194,17.889,18.115,3104843
2012-06-04,18.054,18.232,17.881,18.219,1221400
2012-06-05,18.225,18.268,17.881,17.881,1974853
2012-06-06,18.054,18.365,17.944,18.365,4148478
2012-06-08,18.365,19.149,18.194,19.04,5389540
2012-06-11,19.07,19.577,18.984,19.4,3850018
2012-06-12,19.285,19.775,19.285,19.713,5351382
2012-06-13,19.713,19.786,19.468,19.468,1875521
2012-06-14,19.505,19.585,19.425,19.56,2711642
2012-06-15,19.56,20.018,19.48,19.933,16234836
2012-06-18,20.141,20.141,19.694,19.775,3847651
2012-06-19,19.775,20.141,19.775,20.141,4869733
2012-06-20,20.08,20.141,19.865,20.001,3734640
2012-06-21,19.896,20.13,19.822,19.982,2972159
2012-06-22,19.921,19.982,19.78,19.976,1432458
2012-06-25,19.841,19.885,19.626,19.626,2849656
2012-06-26,19.652,19.896,19.603,19.682,2396602
2012-06-27,19.81,20.301,19.713,20.301,3461159
2012-06-28,20.264,20.264,19.988,20.172,5741716
2012-06-29,20.282,20.478,20.203,20.447,3385509
2012-07-02,20.221,20.478,19.958,19.958,972232
2012-07-03,20.018,20.203,19.958,20.018,2004911
2012-07-04,20.136,20.178,19.873,20.018,1321136
2012-07-05,20.08,20.318,19.958,20.141,3311192
2012-07-06,20.203,20.203,20.018,20.172,2041202
2012-07-09,20.038,20.148,19.908,20.11,2784735
2012-07-10,20.11,20.203,19.988,20.203,2551136
2012-07-11,20.148,20.318,20.001,20.11,3055801
2012-07-12,20.05,20.191,19.921,19.982,3645217
2012-07-13,20.136,20.534,20.018,20.447,3972486
2012-07-16,20.44,20.632,20.348,20.447,2524504
2012-07-17,20.447,20.552,20.27,20.447,2449473
2012-07-18,20.509,20.937,20.337,20.937,6839376
2012-07-19,20.943,21.328,20.857,21.183,6147573
2012-07-20,21.243,21.323,20.937,21.053,5206231
2012-07-23,20.569,20.754,20.344,20.344,2741023
2012-07-24,20.344,20.784,20.344,20.625,4679204
2012-07-25,20.6,20.919,20.509,20.662,3292921
2012-07-26,20.723,21.17,20.723,20.723,3685218
2012-07-27,20.931,21.402,20.925,21.336,4286182
2012-07-30,21.336,21.946,21.268,21.946,4433509
2012-07-31,21.789,21.824,21.531,21.672,5053517
2012-08-01,21.55,21.72,21.25,21.367,2001176
2012-08-02,21.305,21.489,21.213,21.305,2142210
2012-08-03,21.243,21.946,21.243,21.916,1855824
2012-08-06,21.856,22.332,21.794,22.199,2403226
2012-08-07,22.253,22.26,21.917,22.212,1861402
2012-08-08,22.021,22.253,21.99,22.253,1372818
2012-08-09,22.285,22.651,22.265,22.646,5667625
2012-08-10,22.529,22.737,22.362,22.522,2569977
2012-08-13,22.376,22.768,22.242,22.468,2246396
2012-08-14,22.553,22.59,22.345,22.456,1776439
2012-08-16,22.638,22.829,22.481,22.572,6152188
2012-08-17,22.529,22.737,22.345,22.345,1719404
2012-08-20,22.345,22.468,21.818,21.946,8122070
2012-08-21,22.04,22.131,21.954,22.07,5832924
2012-08-22,22.008,22.008,21.55,21.672,10997347
2012-08-23,21.794,21.912,21.629,21.912,1635095
2012-08-24,21.758,22.192,21.758,22.162,8032014
2012-08-27,22.162,22.277,21.985,22.07,4162406
2012-08-28,22.142,22.318,21.944,21.959,4119824
2012-08-29,22.259,22.351,21.554,21.867,6297577
2012-08-30,21.855,22.121,21.678,21.94,2736431
2012-08-31,21.9,22.664,21.88,22.552,6106251
2012-09-03,22.376,22.449,22.076,22.076,2111154
2012-09-04,22.083,22.292,21.944,21.944,3698160
2012-09-05,21.972,22.513,21.972,22.494,2263404
2012-09-06,22.52,22.9,22.488,22.585,9337628
2012-09-07,22.696,22.716,22.488,22.716,2234311
2012-09-10,22.611,22.847,22.552,22.768,2838629
2012-09-11,22.834,23.035,22.691,23.035,1868848
2012-09-12,23.043,23.559,22.977,23.453,4501165
2012-09-13,23.434,23.624,23.303,23.467,2733612
2012-09-14,23.688,23.806,23.499,23.716,3139623
2012-09-17,23.695,23.716,23.401,23.453,2538837
2012-09-18,23.453,23.794,23.383,23.794,1608689
2012-09-19,23.761,23.944,23.42,23.42,4588044
2012-09-20,23.408,23.624,23.33,23.499,3285856
2012-09-21,23.493,23.819,23.31,23.728,5895443
2012-09-24,23.519,23.753,23.434,23.72,2113247
2012-09-25,23.695,24.022,23.624,23.688,4028925
2012-09-26,23.499,23.683,23.395,23.434,5234470
2012-09-27,23.486,23.728,23.278,23.728,4562661
2012-09-28,23.565,23.716,23.416,23.499,3016180
2012-10-01,23.499,23.884,23.408,23.884,2163123
2012-10-02,23.871,24.054,23.753,23.925,3002561
2012-10-03,23.826,24.126,23.761,23.892,2387026
2012-10-04,24.022,24.126,23.662,23.662,1968407
2012-10-05,23.892,24.277,23.728,24.204,2758413
2012-10-08,24.113,24.929,24.054,24.61,4398467
2012-10-09,24.55,24.852,24.23,24.478,3998380
2012-10-10,24.478,24.921,24.191,24.74,2409341
2012-10-11,24.676,24.987,24.622,24.936,1662583
2012-10-12,24.929,25.066,24.676,24.968,3821543
2012-10-15,24.871,25.001,24.708,24.805,1972665
2012-10-16,25.001,25.001,24.55,24.577,4220060
2012-10-17,24.543,24.805,24.282,24.805,4384610
2012-10-18,24.798,24.863,24.635,24.805,1896075
2012-10-19,24.798,24.798,24.492,24.492,2222820
2012-10-22,24.492,24.676,24.459,24.543,2523588
2012-10-23,24.543,24.786,24.315,24.315,1844381
2012-10-24,24.249,24.643,24.249,24.472,1661287
2012-10-25,24.347,24.648,24.347,24.648,1748071
2012-10-26,24.511,24.511,24.093,24.211,1753424
2012-10-29,24.06,24.478,23.957,24.472,1287368
2012-10-30,24.315,24.676,24.315,24.478,1010722
2012-10-31,24.543,24.786,24.347,24.347,1353728
2012-11-02,24.543,25.138,24.426,25.099,4502676
2012-11-05,24.805,25.437,24.68,25.307,2917562
2012-11-06,25.261,25.302,24.889,24.929,2029724
2012-11-07,24.936,25.217,24.844,25.066,2447069
2012-11-08,25.099,25.386,24.936,25.327,2975026
2012-11-09,25.209,25.359,25.131,25.261,2119742
2012-11-12,25.217,25.424,25.007,25.196,2271695
2012-11-13,25.112,25.32,25.001,25.196,2507840
2012-11-14,25.327,25.654,25.196,25.392,4262904
2012-11-15,25.131,25.451,25.104,25.327,1833462
2012-11-16,25.386,25.418,25.204,25.228,1211765
2012-11-19,25.228,25.418,25.228,25.348,1479513
2012-11-20,25.353,25.451,25.269,25.392,1815703
2012-11-21,25.327,25.588,25.302,25.581,4130280
2012-11-22,25.569,25.705,25.484,25.484,2568537
2012-11-23,25.458,25.77,25.458,25.77,1732857
2012-11-26,25.626,25.896,25.464,25.464,2290977
2012-11-27,25.72,25.836,25.562,25.777,2139808
2012-11-28,25.725,25.881,25.131,25.204,4691693
2012-11-29,25.392,25.576,25.138,25.138,3172369
2012-11-30,25.196,25.764,24.798,25.764,3468759
2012-12-03,25.712,26.032,25.588,25.914,2318310
2012-12-04,25.81,26.11,25.784,26.104,1694235
2012-12-05,26.11,26.828,26.045,26.828,3659680
2012-12-06,26.769,26.96,26.502,26.96,3158333
2012-12-07,26.894,26.894,26.372,26.372,2039369
2012-12-10,26.11,26.469,25.979,26.437,3210146
2012-12-11,26.437,26.553,26.155,26.502,3040504
2012-12-12,26.684,27.017,26.476,26.96,3038388
2012-12-13,26.828,27.077,26.697,27.004,1268896
2012-12-14,26.992,27.409,26.867,27.409,1941894
2012-12-17,27.352,27.872,27.298,27.872,2717994
2012-12-18,27.938,28.258,27.689,28.258,3729846
2012-12-19,28.264,28.584,28.14,28.454,5453640
2012-12-20,28.232,28.819,27.546,27.847,6714102
2012-12-21,27.611,28.538,27.305,28.538,7376537
2012-12-27,28.389,28.721,28.213,28.408,1208840
2012-12-28,28.395,28.623,28.218,28.526,1572566
2013-01-02,28.728,28.852,28.264,28.721,1451490
2013-01-03,28.538,28.709,28.304,28.558,2050574
2013-01-04,28.264,28.395,27.422,27.611,3278279
2013-01-07,27.578,27.663,26.998,27.143,3634333
2013-01-08,26.992,27.507,26.861,27.352,2552172
2013-01-09,27.409,27.677,27.233,27.677,1218248
2013-01-10,27.652,27.742,27.089,27.352,3050747
2013-01-11,27.527,27.527,26.664,26.855,2535959
2013-01-14,26.985,26.985,25.914,26.039,4516140
2013-01-15,25.921,26.085,25.692,25.784,3636355
2013-01-16,25.784,26.568,25.654,26.568,7221312
2013-01-17,26.568,26.627,26.201,26.305,3043146
2013-01-18,26.502,26.561,26.273,26.305,3583210
2013-01-21,26.305,26.542,26.169,26.514,2106693
2013-01-22,26.561,26.697,26.45,26.659,1539332
2013-01-23,26.646,26.96,26.262,26.424,4644532
2013-01-24,26.312,26.763,26.155,26.692,3873058
2013-01-25,26.502,26.822,26.176,26.372,3054838
2013-01-28,26.305,26.437,25.986,26.437,1406969
2013-01-29,26.444,26.502,26.053,26.397,2693586
2013-01-30,26.372,26.548,26.122,26.176,2223546
2013-01-31,26.097,26.697,25.993,26.6,3181480
2013-02-01,26.633,26.861,26.469,26.619,1617254
2013-02-04,26.763,26.861,26.176,26.176,1657612
2013-02-05,26.372,26.372,25.986,26.273,3544516
2013-02-06,26.372,26.372,25.993,26.064,2485704
2013-02-07,26.039,26.332,25.999,26.11,2536708
2013-02-08,26.339,26.679,26.064,26.651,3665283
2013-02-11,26.659,26.88,26.581,26.763,1474208
2013-02-12,26.697,27.017,26.574,26.75,1827776
2013-02-13,26.763,26.985,26.639,26.763,1509892
2013-02-14,26.763,26.828,26.405,26.43,1199871
2013-02-15,26.411,26.756,26.327,26.73,997614
2013-02-18,26.724,26.88,26.633,26.744,847064
2013-02-19,26.651,26.946,26.651,26.946,1467048
2013-02-20,26.96,27.05,26.633,26.664,1774203
2013-02-21,26.548,26.633,26.195,26.627,1970131
2013-02-22,26.614,26.697,26.332,26.692,1246676
2013-02-25,26.783,26.927,26.509,26.828,2252462
2013-02-26,26.444,26.671,26.339,26.339,2712832
2013-02-27,26.411,26.437,26.129,26.242,2357623
2013-02-28,26.392,26.417,26.122,26.299,3186084
2013-03-01,26.242,26.462,26.188,26.45,2636444
2013-03-04,26.262,26.6,26.262,26.482,1316533
2013-03-05,26.607,26.894,26.462,26.834,2245457
2013-03-06,26.894,27.652,26.874,27.638,5666542
2013-03-07,27.611,28.134,27.507,28.069,3481177
2013-03-08,28.069,28.258,27.749,27.834,2753179
2013-03-11,27.827,27.931,27.527,27.546,1807842
2013-03-12,27.644,27.644,27.305,27.396,3337348
2013-03-13,27.22,27.259,27.024,27.077,12070360
2013-03-14,27.077,27.286,27.077,27.187,5613706
2013-03-15,27.155,27.259,27.089,27.122,9695824
2013-03-18,27.024,27.22,26.482,26.639,4581169
2013-03-19,26.75,26.927,26.594,26.659,2130530
2013-03-20,26.842,27.115,26.717,26.834,3583852
2013-03-21,27.083,27.083,26.633,26.664,5210454
2013-03-22,26.684,26.697,26.378,26.469,2130912
2013-03-25,26.6,26.664,26.176,26.176,2190480
2013-03-26,26.351,26.73,26.11,26.671,2509279
2013-03-27,26.671,26.861,26.372,26.542,1960949
2013-03-28,26.372,26.627,26.305,26.372,1674692
2013-04-02,26.697,26.697,26.11,26.495,1384023
2013-04-03,26.267,26.45,25.914,26.045,2397316
2013-04-04,26.11,26.176,25.797,25.967,2254020
2013-04-05,25.979,26.482,25.855,26.104,4359049
2013-04-08,26.372,26.697,26.267,26.437,4924828
2013-04-09,26.646,26.822,26.327,26.392,4497502
2013-04-10,26.619,26.802,26.444,26.646,6150630
2013-04-11,26.633,27.384,26.633,27.384,3097207
2013-04-12,27.384,27.761,27.253,27.638,3834853
2013-04-15,27.605,27.631,27.056,27.143,5078245
2013-04-17,27.272,27.272,26.697,26.828,3007522
2013-04-18,26.828,26.942,26.502,26.502,3115703
2013-04-19,26.694,26.861,26.437,26.525,1273844
2013-04-22,26.806,26.985,26.619,26.769,1342665
2013-04-23,26.822,27.077,26.633,27.011,3286047
2013-04-24,27.011,27.298,26.568,26.942,2414587
2013-04-25,27.024,27.187,26.839,27.131,2287670
2013-04-26,27.151,27.802,27.028,27.677,2662518
2013-04-29,27.919,28.2,27.76,28.102,2126129
2013-04-30,28.33,28.435,27.847,28.428,3139933
2013-05-02,28.428,29.211,28.29,28.888,3009401
2013-05-06,28.874,29.361,28.574,29.361,4352375
2013-05-07,29.309,29.374,29.124,29.244,2019482
2013-05-08,29.237,29.655,29.113,29.44,2323200
2013-05-09,29.374,29.619,28.982,29.341,3080709
2013-05-10,29.113,29.309,28.912,29.244,1047347
2013-05-13,29.116,29.309,28.982,29.244,2330598
2013-05-14,29.244,29.302,28.859,28.872,3679223
2013-05-15,29.341,29.341,28.398,28.771,4617233
2013-05-16,28.721,28.721,28.29,28.297,3418660
2013-05-17,28.232,28.382,28.206,28.317,3646513
2013-05-20,28.353,28.827,28.238,28.238,1128146
2013-05-21,28.428,28.799,28.105,28.753,2357361
2013-05-22,28.819,28.967,28.59,28.59,2140891
2013-05-23,28.786,29.701,28.406,28.467,4681061
2013-05-24,28.753,28.852,28.656,28.813,1170098
2013-05-27,29.048,29.244,28.824,29.244,1901690
2013-05-28,29.231,29.616,29.179,29.24,1541032
2013-05-29,29.113,29.361,29.048,29.179,4963534
2013-05-31,29.068,30.027,29.068,30.027,6255006
2013-06-03,29.948,29.962,29.39,29.505,3234137
2013-06-04,29.374,29.505,28.796,28.885,3751208
2013-06-05,28.885,28.98,28.528,28.799,3272427
2013-06-06,28.865,28.98,28.688,28.688,2146968
2013-06-07,28.728,28.982,28.728,28.819,2713117
2013-06-10,28.976,29.029,28.154,28.154,2245968
2013-06-11,28.297,28.356,27.816,28.264,3468759
2013-06-12,28.251,28.706,28.118,28.656,2913221
2013-06-13,28.33,28.893,28.32,28.656,2705339
2013-06-14,28.846,29.038,28.461,28.461,2312554
2013-06-17,28.528,28.893,28.304,28.614,1840302
2013-06-18,28.799,28.849,28.406,28.467,1647573
2013-06-19,28.656,28.849,28.33,28.33,2010395
2013-06-20,28.258,28.33,26.894,26.894,4497074
2013-06-21,27.122,27.416,26.183,26.305,11634909
2013-06-24,26.305,26.43,26.155,26.299,3760059
2013-06-25,26.43,27.253,26.299,26.697,2703565
2013-06-26,26.305,27.344,25.914,26.894,3631181
2013-06-27,26.96,27.253,25.523,26.045,5302732
2013-06-28,26.176,26.754,25.668,26.744,6303832
2013-07-01,27.024,27.024,26.384,26.456,2439671
2013-07-02,26.568,27.416,26.502,27.416,3257369
2013-07-03,26.927,27.676,26.763,27.672,4630520
2013-07-04,27.667,28.264,27.52,28.232,4533269
2013-07-05,28.33,28.33,27.481,27.869,2296389
2013-07-08,28.33,28.33,27.416,27.416,1488588
2013-07-09,27.546,27.778,27.089,27.237,2798235
2013-07-10,27.275,27.611,27.155,27.448,2762445
2013-07-11,27.872,28.197,27.814,28.102,1493287
2013-07-12,28.186,28.656,28.069,28.48,3149270
2013-07-15,28.461,28.461,28.164,28.297,1220103
2013-07-16,28.317,28.447,28.143,28.264,3234007
2013-07-17,28.304,28.552,28.167,28.456,2431881
2013-07-18,28.464,28.558,27.742,27.872,3309740
2013-07-19,27.807,28.432,27.752,28.264,1538987
2013-07-22,28.363,29.1,28.336,28.982,2128270
2013-07-23,29.048,29.407,28.973,29.368,1207174
2013-07-24,29.491,29.491,28.93,29.309,1069065
2013-07-25,29.062,29.374,28.95,29.374,1032430
2013-07-26,29.226,29.416,29.116,29.335,1516506
2013-07-29,29.335,29.498,28.865,28.865,1266230
2013-07-30,28.92,29.113,28.859,29.113,773222
2013-07-31,28.918,29.766,28.918,29.609,3473136
2013-08-01,29.701,30.013,29.636,29.961,2247562
2013-08-02,29.961,30.601,29.808,30.412,3750459
2013-08-05,30.419,30.549,29.83,30.027,1392826
2013-08-06,30.033,30.157,29.398,29.506,2366210
2013-08-07,29.472,29.691,29.309,29.505,1395764
2013-08-08,29.636,30.141,29.449,29.518,1257025
2013-08-09,29.636,29.788,29.384,29.506,1076833
2013-08-12,29.407,30.353,29.407,30.353,1451668
2013-08-13,30.354,30.677,30.037,30.092,1493049
2013-08-14,30.037,30.478,29.841,29.91,2710371
2013-08-16,29.961,30.575,29.896,30.346,1598804
2013-08-19,30.346,30.549,30.289,30.354,1101847
2013-08-20,30.354,30.354,29.974,30.027,3190842
2013-08-21,30.565,30.969,29.937,30.704,4491864
2013-08-22,30.704,31.363,30.669,30.913,2458311
2013-08-23,31.122,31.373,30.704,30.704,5392858
2013-08-26,31.053,31.363,31.053,31.157,1383143
2013-08-27,31.402,31.654,30.648,30.711,3479798
2013-08-28,30.711,30.711,30.146,30.146,1856586
2013-08-29,30.633,30.774,30.218,30.759,1258987
2013-08-30,30.854,30.877,30.359,30.561,2140866
2013-09-02,30.844,30.844,30.229,30.305,962418
2013-09-03,30.313,30.313,29.656,29.831,2277048
2013-09-04,30.006,30.04,28.261,28.763,4145957
2013-09-05,28.757,28.763,26.867,26.867,10930427
2013-09-06,27.076,28.185,26.97,27.905,6041294
2013-09-09,28.122,28.946,27.927,28.68,3269489
2013-09-10,29.168,29.86,29.134,29.797,5262398
2013-09-11,29.866,29.922,29.308,29.866,4212911
2013-09-12,29.866,30,29.619,29.727,1397321
2013-09-13,29.656,29.937,29.456,29.468,1298786
2013-09-16,29.866,30.146,29.308,29.308,1722283
2013-09-17,29.28,29.772,29.28,29.772,2146540
2013-09-18,29.587,29.86,29.385,29.85,1684208
2013-09-19,30.237,30.865,30.237,30.633,3407585
2013-09-20,30.7,30.83,30.498,30.711,3901438
2013-09-23,30.704,30.856,30.11,30.11,1936054
2013-09-24,30.481,30.844,30.11,30.582,2480612
2013-09-25,30.424,30.589,30.293,30.582,1833283
2013-09-26,30.369,30.669,30.369,30.565,1595784
2013-09-27,30.427,30.633,30.119,30.139,1357438
2013-09-30,30.006,30.065,29.448,29.594,2283364
2013-10-01,29.489,30.009,29.483,30.009,1811219
2013-10-02,30.062,30.062,29.493,29.866,1503053
2013-10-03,29.727,30.139,29.727,30.04,1094901
2013-10-04,29.877,30.177,29.552,29.672,2082773
2013-10-07,29.574,29.574,29.147,29.232,2305476
2013-10-08,29.315,29.563,28.889,28.889,2680693
2013-10-09,29.105,29.224,28.768,28.856,3232449
2013-10-10,29.096,30.704,29.03,30.704,7305669
2013-10-11,30.704,30.955,30.215,30.215,4161800
2013-10-14,30.215,30.739,30.087,30.739,1116656
2013-10-15,30.739,31.262,30.432,30.648,5780956
2013-10-16,30.648,31.367,30.648,31.192,2369184
2013-10-17,31.122,31.192,30.565,30.565,3079663
2013-10-18,30.64,30.913,30.508,30.913,2488594
2013-10-21,31.053,32.158,30.923,32.158,3299713
2013-10-22,32.086,32.158,31.75,31.96,1547349
2013-10-23,31.409,32.204,31.275,32.135,2077599
2013-10-24,32.168,32.519,32.168,32.519,2076612
2013-10-25,32.378,32.863,32.378,32.657,4337448
2013-10-28,32.693,33.052,32.693,32.797,1022273
2013-10-29,32.797,33.146,32.797,33.076,1577787
2013-10-30,33.126,33.146,32.693,32.693,2667122
2013-10-31,32.713,32.905,32.588,32.713,1472436
2013-11-04,32.797,32.863,32.591,32.828,1696483
2013-11-05,32.868,33.008,32.591,32.657,1368061
2013-11-06,32.868,33.404,32.657,33.349,3826180
2013-11-07,33.464,34.003,32.781,33.757,3747166
2013-11-08,33.298,33.406,32.846,33.064,2262108
2013-11-12,33.246,33.246,32.708,32.773,5904375
2013-11-13,32.693,32.773,32.408,32.773,3283632
2013-11-14,32.991,33.429,32.679,32.679,2124452
2013-11-15,32.846,33.487,32.809,33.04,1073764
2013-11-18,33.057,34.632,33.057,34.632,2790968
2013-11-19,34.521,34.736,34.088,34.157,4467111
2013-11-20,34.085,34.5,33.964,34.157,1836566
2013-11-21,33.981,34.223,33.735,34.011,1747046
2013-11-22,34.226,34.263,33.829,34.114,1582414
2013-11-25,34.23,34.521,33.865,34.12,3553901
2013-11-26,33.881,34.193,33.585,33.938,1738221
2013-11-27,34.044,34.085,33.647,34.085,1131298
2013-11-28,34.04,34.085,33.72,34.085,1008343
2013-11-29,34.011,34.23,33.877,34.23,1245558
2013-12-02,33.902,34.302,33.647,33.647,1232248
2013-12-03,33.865,33.902,33.137,33.137,3109232
2013-12-04,33.137,33.545,33.086,33.363,2343159
2013-12-05,33.464,33.72,33.137,33.137,2148193
2013-12-06,33.256,33.501,32.788,33.053,1922529
2013-12-09,33.2,33.429,33.108,33.429,1318924
2013-12-10,32.925,33.865,32.925,33.865,2804825
2013-12-11,33.501,34.223,33.487,34.157,2542346
2013-12-12,33.72,33.793,32.889,33.035,2167368
2013-12-13,33.251,33.647,32.854,33.2,2353210
2013-12-16,33.268,33.575,32.991,33.575,2010323
2013-12-17,33.501,33.523,32.635,32.766,2098939
2013-12-18,32.776,32.991,31.911,32.489,3342033
2013-12-19,32.773,32.955,31.463,31.99,3090035
2013-12-20,31.968,33.072,31.753,33.072,6280756
2013-12-23,33.137,33.642,32.941,32.941,1127385
2013-12-27,33.429,33.429,32.577,33.029,1421777
2013-12-30,33.029,33.029,32.591,32.696,793241
2014-01-02,33.311,33.417,32.925,33.276,712691
2014-01-03,32.92,33.19,32.647,32.738,870366
2014-01-07,32.809,32.809,32.049,32.118,2572665
2014-01-08,32.118,32.445,31.753,32.328,2806704
2014-01-09,32.118,32.598,31.536,31.536,2660377
2014-01-10,31.536,31.677,30.846,31.025,2718933
2014-01-13,31.426,31.841,31.134,31.389,2631271
2014-01-14,31.32,31.579,31.172,31.309,2703530
2014-01-15,31.499,31.826,31.317,31.426,3315342
2014-01-16,31.499,32.205,31.331,32.023,2294700
2014-01-17,32.008,32.008,31.185,31.185,4127602
2014-01-20,31.185,31.259,30.898,31.04,1341536
2014-01-21,31.11,31.823,31.025,31.586,2761458
2014-01-22,31.681,31.935,31.404,31.753,2525991
2014-01-23,31.717,31.717,31.205,31.317,4972347
2014-01-24,31.172,31.288,30.808,30.808,2588165
2014-01-27,30.588,31.207,30.17,30.395,3536702
2014-01-28,30.45,30.734,30.122,30.268,3441996
2014-01-29,30.427,30.844,29.861,30.122,2967497
2014-01-30,29.861,30.559,29.576,30.224,4385989
2014-01-31,30.224,30.352,29.874,30.042,6485499
2014-02-03,30.224,30.952,30.187,30.808,3693140
2014-02-04,30.515,30.938,30.303,30.81,2527192
2014-02-05,30.577,30.755,30.323,30.374,2453042
2014-02-06,30.584,31.681,30.486,31.681,4180474
2014-02-07,31.637,32.045,31.536,32.045,3339703
2014-02-10,31.826,32.118,31.629,31.99,1833248
2014-02-11,31.99,32.37,31.841,32.023,2283507
2014-02-12,32.19,32.572,32.045,32.555,2344908
2014-02-13,32.416,32.445,32.118,32.445,1292422
2014-02-14,32.519,32.591,32.088,32.308,1235769
2014-02-17,32.408,32.486,32.162,32.162,645985
2014-02-18,32.321,32.321,31.899,32.154,2117101
2014-02-19,32.118,32.136,31.538,31.928,1897467
2014-02-20,31.637,31.714,31.207,31.317,3619548
2014-02-21,31.463,31.819,31.335,31.335,1561586
2014-02-24,31.335,31.968,31.335,31.968,1735320
2014-02-25,31.994,32.017,31.324,31.389,2186435
2014-02-26,31.473,31.673,31.032,31.251,3367167
2014-02-27,31.317,31.455,30.854,31.167,1335814
2014-02-28,31.536,32.113,31.371,32.113,2587641
2014-03-03,30.961,31.681,30.748,30.753,4229706
2014-03-04,31.182,31.954,30.974,31.215,3475729
2014-03-05,31.528,31.753,31.029,31.251,2939401
2014-03-06,31.397,31.629,31.346,31.591,1532385
2014-03-07,31.591,31.608,31.139,31.207,992262
2014-03-10,31.222,31.437,31.025,31.134,1750544
2014-03-11,31.172,31.753,31.084,31.441,1704025
2014-03-12,31.128,31.309,29.9,30.614,7324784
2014-03-13,30.603,30.61,29.787,29.787,2245229
2014-03-14,29.569,30.224,29.481,30.224,2798639
2014-03-17,30.006,30.92,30.006,30.92,1241027
2014-03-18,30.873,31.163,30.232,30.369,2688162
2014-03-19,30.584,30.588,29.787,29.787,1860070
2014-03-20,29.73,30.297,29.653,30.122,2243053
2014-03-21,30.363,30.363,29.808,29.808,4297970
2014-03-24,30.187,30.187,29.721,29.823,928567
2014-03-25,29.861,30.297,29.861,30.129,1341203
2014-03-26,30.224,30.879,30.224,30.454,3015979
2014-03-27,30.577,30.952,30.443,30.573,1957618
2014-03-28,30.662,30.938,30.662,30.879,2060185
2014-03-31,30.952,31.281,30.952,31.281,2178620
2014-04-01,31.302,31.536,31.116,31.536,1201775
2014-04-02,31.571,31.608,31.32,31.389,1876509
2014-04-03,31.531,31.644,30.989,31.207,1879066
2014-04-04,31.2,31.629,31.029,31.536,1030455
2014-04-07,31.215,31.571,31.177,31.317,1449349
2014-04-08,31.477,31.516,30.978,31.207,2341946
2014-04-09,31.317,31.346,31.032,31.09,1781554
2014-04-10,31.295,31.445,31.073,31.193,1674788
2014-04-11,30.95,31.16,30.734,31.098,1959463
2014-04-14,30.952,31.025,30.705,30.917,1249697
2014-04-15,30.777,31.022,30.297,30.297,2177836
2014-04-16,30.734,30.734,30.195,30.199,1007427
2014-04-17,30.552,31.284,30.515,31.284,2286778
2014-04-22,31.276,31.644,31.243,31.644,983413
2014-04-23,31.666,31.666,31.182,31.36,1198801
2014-04-24,31.36,31.571,31.134,31.172,888232
2014-04-25,31.025,31.313,30.961,31.193,1457640
2014-04-28,31.302,31.445,31.062,31.416,1189665
2014-04-29,31.463,31.819,31.433,31.819,2139558
2014-04-30,31.852,31.852,31.259,31.259,1665570
2014-05-02,31.259,31.259,30.808,31.029,926545
2014-05-05,31.04,31.229,31.04,31.172,424198
2014-05-06,31.172,31.558,31.112,31.193,1094104
2014-05-07,31.172,31.302,30.974,31.243,1483165
2014-05-08,31.488,31.525,30.851,31.172,1864530
2014-05-09,31.172,31.295,30.983,31.015,1146512
2014-05-12,31.153,31.281,30.935,31.281,1107390
2014-05-13,31.317,31.385,30.808,30.808,2870709
2014-05-14,31.233,31.601,30.989,31.558,3585849
2014-05-15,31.558,31.776,31.21,31.521,2606255
2014-05-16,31.528,31.968,31.251,31.968,1836948
2014-05-19,31.951,32.034,31.506,31.753,2191990
2014-05-20,31.826,31.964,31.623,31.913,3112110
2014-05-21,31.935,31.957,31.695,31.826,1083458
2014-05-22,31.964,32.773,31.911,32.627,4588270
2014-05-23,32.773,32.904,32.359,32.474,1968288
2014-05-26,32.627,32.842,32.468,32.591,943660
2014-05-27,32.5,32.76,32.424,32.7,1762963
2014-05-28,32.627,32.809,32.427,32.482,1051806
2014-05-29,32.391,32.766,32.136,32.766,1296895
2014-05-30,32.627,32.766,32.482,32.511,2864096
2014-06-02,32.627,32.773,32.35,32.773,1705761
2014-06-03,32.77,33.1,32.561,32.795,2410733
2014-06-04,32.664,32.781,32.249,32.76,1654996
2014-06-05,32.915,32.969,32.5,32.846,1943416
2014-06-06,32.936,33.625,32.846,33.625,3560633
2014-06-09,33.487,33.575,33.064,33.064,1657362
2014-06-10,33.141,33.581,33.075,33.4,2835359
2014-06-11,33.32,33.501,32.945,33.137,2929457
2014-06-12,32.92,33.665,32.92,33.665,2028867
2014-06-13,33.611,33.665,33.086,33.344,1109889
2014-06-16,33.064,33.127,32.577,32.809,4773160
2014-06-17,32.859,33.283,32.809,32.963,1733797
2014-06-18,33.032,33.2,32.991,33.064,2552052
2014-06-20,33.202,33.202,32.748,32.748,3760593
2014-06-23,32.773,33.202,32.693,33.202,3167076
2014-06-24,33.202,33.338,32.948,32.991,1183622
2014-06-25,33.064,33.064,32.271,32.337,3625031
2014-06-26,32.722,32.722,31.724,31.724,2503320
2014-06-27,31.761,32.439,31.724,32.408,1962032
2014-06-30,32.263,32.365,31.925,32.318,2425827
2014-07-01,32.03,32.19,31.826,31.826,1813871
2014-07-02,31.892,32.081,31.681,31.681,1949648
2014-07-03,31.753,32.03,31.623,31.673,1370071
2014-07-04,31.681,31.743,31.356,31.356,1738234
2014-07-07,31.463,31.549,31.281,31.281,1925622
2014-07-08,31.459,31.477,31.207,31.237,2032637
2014-07-09,31.237,31.389,31.237,31.353,1226657
2014-07-10,31.353,31.412,30.844,31.389,3263268
2014-07-11,31.385,31.528,31.185,31.404,6703944
2014-07-14,31.506,31.644,31.331,31.346,1205817
2014-07-15,31.499,31.856,31.353,31.79,2267378
2014-07-16,31.826,32.19,31.801,31.984,2519009
2014-07-17,32.045,32.103,31.717,32.039,1157693
2014-07-18,31.761,32.03,31.761,31.864,1143978
2014-07-21,32.03,32.03,31.553,31.864,1493669
2014-07-22,31.834,32.408,31.691,32.408,1397571
2014-07-23,32.408,32.408,32.157,32.394,1104428
2014-07-24,32.373,32.803,32.263,32.803,1249496
2014-07-25,32.598,32.912,32.598,32.912,969746
2014-07-28,32.912,33.062,32.773,32.955,1184526
2014-07-29,32.85,32.996,32.635,32.809,1654138
2014-07-30,32.627,32.809,32.045,32.045,2090743
2014-07-31,32.263,32.555,31.979,32.045,2362106
2014-08-01,32.045,32.337,31.804,32.19,3265682
2014-08-04,32.337,32.7,32.337,32.555,2899637
2014-08-05,32.66,32.748,32.482,32.657,2362392
2014-08-06,32.614,32.776,32.544,32.657,1908861
2014-08-07,32.685,32.7,32.271,32.511,1901987
2014-08-08,32.344,32.478,32.22,32.299,1888427
2014-08-11,32.54,32.925,32.337,32.925,2957136
2014-08-12,32.744,33.211,32.744,33.211,1981479
2014-08-13,33.355,33.68,33.276,33.575,2419070
2014-08-14,33.575,33.793,33.501,33.793,1551655
2014-08-18,33.778,34.587,33.665,34.449,2325197
2014-08-19,34.449,34.449,34.011,34.157,2311638
2014-08-20,34.085,34.462,34.085,34.23,1767911
2014-08-21,34.168,34.5,34.168,34.411,1121474
2014-08-22,34.411,34.438,34.263,34.267,1126682
2014-08-25,34.449,34.466,34.345,34.345,642488
2014-08-26,34.339,34.55,34.306,34.449,1577144
2014-08-27,34.594,34.849,34.354,34.568,2905084
2014-08-28,34.411,34.725,33.902,34.361,2200911
2014-08-29,34.234,34.372,34.085,34.157,3054647
2014-09-01,34.256,34.802,34.256,34.521,1476956
2014-09-02,34.664,34.958,34.664,34.954,1816298
2014-09-03,34.813,35.938,34.813,35.938,3976660
2014-09-04,35.92,36.339,35.613,36.102,2409436
2014-09-05,36.123,36.197,35.777,35.905,1612579
2014-09-08,35.905,36.517,35.905,36.342,2032590
2014-09-09,36.342,36.765,36.258,36.488,3245605
2014-09-10,36.306,36.743,36.276,36.743,4257278
2014-09-11,36.637,36.852,36.414,36.552,2205585
2014-09-12,36.771,36.91,36.633,36.633,2958039
2014-09-15,36.821,36.946,36.41,36.946,2825438
2014-09-16,36.946,36.98,36.57,36.637,2241008
2014-09-17,36.899,36.899,36.633,36.762,2641190
2014-09-18,36.633,36.68,35.945,35.945,2596562
2014-09-19,36.017,37.176,36.017,37.176,5264491
2014-09-22,36.953,37.453,36.953,37.18,1533028
2014-09-23,37.18,37.586,36.7,36.79,1984250
2014-09-24,36.883,37.297,36.867,36.915,1261032
2014-09-25,37.101,38.266,37.023,37.804,4029604
2014-09-26,37.804,38.027,37.399,37.859,2152108
2014-09-29,37.882,38.352,37.113,37.336,2072009
2014-09-30,37.649,37.938,37.203,37.609,2684428
2014-10-01,37.649,37.8,36.36,36.36,1490575
2014-10-02,36.399,36.755,36.005,36.005,1441974
2014-10-03,36.337,36.836,36.313,36.714,967806
2014-10-06,37.023,37.594,36.899,36.899,953581
2014-10-07,36.946,37.203,36.414,36.848,1024425
2014-10-08,36.633,37.075,36.516,36.555,2164727
2014-10-09,36.867,37.18,36.798,36.984,2099948
2014-10-10,36.712,37.312,36.602,37.109,2277358
2014-10-13,36.899,37.695,36.899,37.368,2397458
2014-10-14,37.341,37.59,37.101,37.164,2001379
2014-10-15,37.374,37.715,36.992,37.047,3097350
2014-10-16,37.274,37.477,36.493,36.719,5012134
2014-10-17,36.79,37.374,36.786,36.984,3104462
2014-10-20,37.064,37.477,36.984,37.257,1743408
2014-10-21,36.978,37.949,36.978,37.949,1311800
2014-10-22,38.032,38.508,37.844,38.508,1479394
2014-10-23,38.273,38.625,38.273,38.567,1355322
2014-10-24,38.563,38.652,37.813,37.942,996045
2014-10-27,38.273,38.554,38.078,38.554,905526
2014-10-28,38.563,39.25,38.469,39.25,1855122
2014-10-29,39.25,39.417,38.934,39.21,3964729
2014-10-30,39.05,39.21,38.751,39,3597329
2014-10-31,39.25,39.445,39.097,39.445,1607298
2014-11-03,39.508,39.805,39.336,39.757,1101586
2014-11-04,39.523,40.148,39.523,39.913,1644670
2014-11-05,39.836,39.913,38.078,38.118,3924752
2014-11-06,38.352,38.352,37.735,38.266,3179410
2014-11-07,38.273,38.585,38.063,38.196,1311157
2014-11-10,38.371,38.469,38.039,38.356,1009747
2014-11-12,38.5,38.621,37.859,38.02,1550382
2014-11-13,37.726,37.96,36.477,36.946,7584895
2014-11-14,36.946,37.149,36.399,37.086,2070439
2014-11-17,37.02,37.5,36.852,37.257,1453690
2014-11-18,37.415,37.559,36.934,37.22,1340002
2014-11-19,37.266,37.379,36.95,37.254,741583
2014-11-20,37.101,37.415,37.101,37.415,1360103
2014-11-21,37.492,37.766,37.278,37.324,797583
2014-11-24,37.36,37.598,36.89,36.915,883557
2014-11-25,36.968,37.437,36.966,36.968,1490266
2014-11-26,37.332,37.477,37.195,37.379,1151756
2014-11-27,37.379,37.609,37.278,37.477,847980
2014-11-28,37.68,37.68,37.274,37.492,967485
2014-12-01,37.274,37.469,37.101,37.144,1114336
2014-12-02,37.023,37.598,36.984,37.598,1544268
2014-12-03,37.571,37.571,37.226,37.415,2299065
2014-12-04,37.422,37.492,36.735,36.735,995498
2014-12-05,36.903,37.415,36.883,37.415,2057426
2014-12-08,37.415,37.547,37.18,37.441,1240240
2014-12-09,37.262,37.422,37.203,37.297,5290826
2014-12-10,37.312,37.516,36.984,36.984,2192988
2014-12-11,37.118,37.492,37.118,37.18,2001901
2014-12-12,37.223,37.551,37.211,37.211,1999107
2014-12-15,37.251,37.417,36.984,37.023,1830821
2014-12-16,37.164,37.402,36.394,36.712,3797028
2014-12-17,36.714,36.867,36.265,36.337,2349189
2014-12-18,36.594,37.082,36.594,37.082,2203302
2014-12-19,37.098,37.18,36.79,37.164,3730763
2014-12-22,37.164,37.617,37.16,37.617,1681698
2014-12-23,37.22,37.911,37.22,37.649,1699909
2014-12-29,37.804,37.942,37.695,37.871,1891925
2014-12-30,37.882,37.96,37.496,37.96,1343652
2015-01-02,37.958,37.958,37.575,37.649,627263
2015-01-05,37.575,37.594,36.946,36.946,1235923
2015-01-07,37.184,38.074,36.652,37.726,3066150
2015-01-08,37.821,38.027,37.613,37.96,1668448
2015-01-09,37.828,38.222,37.508,37.649,1010317
2015-01-12,37.726,38.039,37.415,37.415,1180102
2015-01-13,37.18,38.168,37.18,38.118,1563859
2015-01-14,38.093,38.243,37.809,38.191,1401175
2015-01-15,38.196,38.496,37.571,37.571,3105795
2015-01-16,37.288,37.922,37.141,37.341,1464109
2015-01-19,37.458,37.664,37.101,37.257,1298013
2015-01-20,37.336,37.453,36.812,37.04,1207163
2015-01-21,37.023,37.922,37.023,37.922,1606798
2015-01-22,37.922,39.055,37.747,39.055,1359437
2015-01-23,38.976,39.731,38.918,39.731,1862937
2015-01-26,39.207,39.546,39.093,39.368,857460
2015-01-27,39.289,39.566,38.598,38.961,2223046
2015-01-28,38.984,39.214,38.441,38.661,1698351
2015-01-29,38.661,39.539,38.519,39.539,2638836
2015-01-30,39.241,39.656,39.241,39.411,2366388
2015-02-02,39.293,39.519,38.609,39.07,2458167
2015-02-03,38.941,39.093,38.648,39.093,1511808
2015-02-04,39.059,39.262,38.903,39.147,4721015
2015-02-05,39.081,39.273,38.836,38.976,2205039
2015-02-06,39.147,39.176,38.563,38.82,1709995
2015-02-09,38.82,38.878,38.352,38.43,1740802
2015-02-10,38.43,38.648,38.383,38.43,1596866
2015-02-11,38.454,38.82,38.28,38.376,1614470
2015-02-12,39.027,39.273,38.664,39.273,1697935
2015-02-13,39.079,39.43,38.988,39.152,1333710
2015-02-16,39.055,39.445,39.055,39.133,666599
2015-02-17,39.133,39.414,38.937,39.055,739240
2015-02-18,39.281,39.289,38.64,38.664,968151
2015-02-19,38.707,38.968,38.394,38.765,786676
2015-02-20,38.836,38.836,38.523,38.578,417168
2015-02-23,38.711,38.921,38.598,38.921,591698
2015-02-24,38.739,39.016,38.376,38.782,1194673
2015-02-25,38.782,38.976,38.184,38.234,1282562
2015-02-26,38.203,38.469,38.046,38.249,1336624
2015-02-27,38.273,38.366,38.039,38.172,1276900
2015-03-02,38.172,38.347,38.039,38.039,1015409
2015-03-03,38.001,38.425,37.492,37.492,1338526
2015-03-04,37.508,37.898,37.153,37.492,2202112
2015-03-05,37.453,37.571,36.961,37.101,2736193
2015-03-06,37.184,37.329,36.805,36.805,1718714
2015-03-09,36.805,37.449,36.801,37.141,1003539
2015-03-10,37.149,37.231,36.438,36.438,1964232
2015-03-11,36.664,37.009,36.337,36.633,2924913
2015-03-12,36.79,36.829,36.32,36.32,3034510
2015-03-13,36.555,36.555,36.137,36.254,2289775
2015-03-16,36.258,37.011,36.258,36.633,1495060
2015-03-17,36.672,37.629,36.61,37.336,3241774
2015-03-18,37.399,37.688,36.844,37.226,1917854
2015-03-19,37.415,37.726,37.257,37.417,1998631
2015-03-20,37.492,38.118,37.343,37.726,5075177
2015-03-23,37.726,38.196,37.649,38.168,1674312
2015-03-24,37.903,38.508,37.828,38.508,1486508
2015-03-25,38.519,38.536,37.828,38.024,1827217
2015-03-26,37.922,38.18,37.735,38.039,1104392
2015-03-27,38.039,38.523,37.891,37.891,1570280
2015-03-30,38.266,38.469,37.754,38.003,1762700
2015-03-31,37.855,38.352,37.855,38.196,1872726
2015-04-01,38.196,38.508,38.196,38.508,1528150
2015-04-02,38.57,38.652,38.43,38.652,677244
2015-04-07,38.664,38.89,38.539,38.742,1815501
2015-04-08,38.856,38.961,38.742,38.82,1985891
2015-04-09,38.894,39.147,38.856,38.976,1915071
2015-04-10,39.031,39.188,38.554,38.734,1413676
2015-04-13,38.82,38.965,38.527,38.84,1034120
2015-04-14,38.945,38.945,38.551,38.664,954985
2015-04-15,38.59,39.219,38.59,38.976,1982478
2015-04-16,39.128,39.437,39.007,39.168,1418672
2015-04-17,39.289,39.289,37.989,37.989,2266021
2015-04-20,38.039,38.57,38.039,38.196,1725387
2015-04-21,38.585,38.765,38.222,38.222,1427307
2015-04-22,38.425,38.464,37.882,38.07,1485164
2015-04-23,38.508,38.508,37.821,38.024,1903200
2015-04-24,38.024,38.11,36.32,37.101,9638919
2015-04-27,37.464,37.882,37.301,37.778,2082488
2015-04-28,37.773,37.855,37.078,37.317,1445495
2015-04-29,37.374,37.473,36.867,36.867,2014237
2015-04-30,37.004,37.453,36.708,36.708,2633233
2015-05-04,36.712,37.523,36.712,37.231,1366372
2015-05-05,37.22,37.492,36.586,36.712,2340066
2015-05-06,36.615,37.141,36.376,36.79,3653673
2015-05-07,36.867,36.867,36.36,36.79,2448438
2015-05-08,36.937,37.617,36.89,37.257,2662197
2015-05-11,37.415,37.523,37.22,37.257,872840
2015-05-12,37.257,37.48,36.84,36.946,1818939
2015-05-13,37.415,37.766,37.257,37.609,2375500
2015-05-14,37.855,37.876,37.192,37.192,1268205
2015-05-15,37.257,37.415,36.633,36.703,1774583
2015-05-18,36.946,36.946,36.414,36.497,2224676
2015-05-19,36.708,36.984,36.445,36.445,3001133
2015-05-20,36.555,36.555,35.961,36.008,4582465
2015-05-21,35.938,36.243,35.774,36.086,2610204
2015-05-22,36.165,36.328,36.086,36.309,2546675
2015-05-25,36.203,36.203,35.352,35.696,1771194
2015-05-26,35.777,35.938,35.314,35.314,2024609
2015-05-27,35.532,35.582,34.759,34.915,3711410
2015-05-28,35.032,35.176,34.848,34.915,3337086
2015-05-29,35.008,35.556,34.951,34.994,3835054
2015-06-01,35.149,35.304,34.04,34.04,4149930
2015-06-02,34.267,34.322,33.536,33.743,6125103
2015-06-03,33.783,33.868,33.454,33.586,4609775
2015-06-05,33.743,33.81,33.431,33.431,3202963
2015-06-08,33.392,33.641,33.384,33.423,3616205
2015-06-09,33.5,34.012,33.486,33.586,4024179
2015-06-10,33.735,34.088,33.735,33.973,3701954
2015-06-11,34.196,34.274,33.977,34.056,3687049
2015-06-12,34.048,34.134,33.821,33.899,1450848
2015-06-15,33.899,34.04,33.712,34.04,1313858
2015-06-16,34.024,34.161,33.861,34.002,1463515
2015-06-17,34.056,34.454,33.923,33.923,3095375
2015-06-18,33.912,33.977,33.212,33.759,2383672
2015-06-19,33.798,33.837,33.196,33.196,3965420
2015-06-22,33.4,33.977,33.392,33.832,1254016
2015-06-23,33.985,34.344,33.783,33.981,1912264
2015-06-24,34.052,34.367,33.918,34.196,2010002
2015-06-25,34.367,35.224,34.298,34.946,4476104
2015-06-26,34.953,35.036,34.559,34.637,1181553
2015-06-29,33.97,34.04,33.392,33.629,3044371
2015-06-30,33.821,34.29,33.478,33.794,2350212
2015-07-01,34.012,34.356,33.892,33.892,2195225
2015-07-02,34.079,34.516,33.977,34.446,1694735
2015-07-03,34.239,34.524,34.161,34.341,997638
2015-07-06,34.083,34.524,33.938,34.376,1508988
2015-07-07,34.213,34.439,33.743,33.762,1832129
2015-07-08,33.743,34.059,33.586,33.849,1599553
2015-07-09,34.263,34.286,33.829,34.088,1380824
2015-07-10,34.286,35.188,34.134,35.149,1197183
2015-07-13,35.407,35.93,35.08,35.242,1317282
2015-07-14,35.304,35.336,34.376,34.631,1590146
2015-07-15,34.485,34.77,34.098,34.29,1059324
2015-07-16,34.513,34.766,34.325,34.704,2723573
2015-07-17,34.739,34.778,34.485,34.509,1060429
2015-07-20,34.524,34.547,33.672,33.672,1987129
2015-07-21,33.821,33.977,33.396,33.892,1769659
2015-07-22,33.883,33.883,31.958,31.958,4732505
2015-07-23,32.119,33.365,31.681,32.978,3229963
2015-07-24,32.962,33.196,32.458,32.572,2315111
2015-07-27,32.583,32.743,31.958,31.958,2367388
2015-07-28,32.22,32.634,31.928,32.634,3865671
2015-07-29,32.696,33.583,32.376,33.266,2459370
2015-07-30,33.313,33.38,32.458,32.572,2133218
2015-07-31,32.728,33.707,32.498,33.707,4157328
2015-08-03,33.586,33.774,33.196,33.344,1448992
2015-08-04,33.344,33.701,33.204,33.701,1717715
2015-08-05,33.704,34.353,33.665,34.353,2543333
2015-08-06,34.29,34.329,33.118,33.899,3949540
2015-08-07,33.743,34.626,33.603,34.184,2673758
2015-08-10,34.408,34.668,33.77,34.181,1635166
2015-08-11,34.134,34.555,33.961,34.294,2490438
2015-08-12,34.134,34.426,34.016,34.134,3495617
2015-08-13,34.29,34.852,34.141,34.852,1767221
2015-08-14,34.583,34.708,34.15,34.181,1123519
2015-08-17,34.181,34.442,33.376,33.415,823846
2015-08-18,33.365,33.805,33.313,33.368,1099183
2015-08-19,33.544,33.544,32.985,33.036,2116352
2015-08-20,33.118,33.306,32.532,32.767,2108168
2015-08-21,32.532,32.724,32.243,32.532,1798277
2015-08-24,32.024,32.252,30.009,31.103,5280537
2015-08-25,31.064,32.415,30.935,31.657,4368017
2015-08-26,31.087,31.982,31.009,31.557,2893869
2015-08-27,32.024,32.872,31.977,32.791,2668263
2015-08-28,32.954,33.563,32.58,33.563,3057004
2015-08-31,33.431,33.65,32.981,33.65,3031894
2015-09-01,33.275,33.356,32.912,33.356,2585416
2015-09-02,33.313,33.356,33.083,33.196,1520823
2015-09-03,33.407,34.274,33.352,34.181,3047548
2015-09-04,34.016,34.056,33.591,33.681,2572713
2015-09-07,34.134,34.134,33.586,33.586,1345449
2015-09-08,33.704,33.907,33.524,33.672,1487245
2015-09-09,34.033,34.134,33.626,33.743,3373852
2015-09-10,33.645,34.152,33.626,34.152,1460434
2015-09-11,34.152,34.488,33.935,34.213,916518
2015-09-14,34.161,34.513,34.119,34.367,860755
2015-09-15,34.213,34.602,34.181,34.367,1567843
2015-09-16,34.376,34.473,33.555,33.657,3089059
2015-09-17,33.821,34.829,33.45,34.824,4075862
2015-09-18,34.68,34.797,33.985,34.056,4798733
2015-09-21,34.208,34.286,33.747,34.227,2132053
2015-09-22,34.243,34.602,34.157,34.575,2792943
2015-09-23,34.367,34.657,33.981,33.981,4051489
2015-09-24,34.016,34.122,33.137,33.137,5346327
2015-09-25,33.387,33.56,32.969,33.333,4285576
2015-09-28,33.462,33.544,33.001,33.04,3362825
2015-09-29,33.032,33.515,32.536,33.2,1936743
2015-09-30,33.347,33.347,32.561,32.763,3448907
2015-10-01,33.04,33.04,31.741,31.876,4578636
2015-10-02,32.048,32.779,31.952,32.157,3151957
2015-10-05,32.368,33.036,32.031,32.515,2515929
2015-10-06,32.619,33.351,32.515,32.973,2509957
2015-10-07,33.12,33.125,32.115,32.426,4044697
2015-10-08,32.343,33.452,32.216,33.355,5856701
2015-10-09,33.418,34.108,33.297,33.704,4522480
2015-10-12,33.742,33.755,32.653,32.788,2009847
2015-10-13,32.939,32.96,32.199,32.465,2547449
2015-10-14,32.14,32.612,31.792,32.284,3026481
2015-10-15,32.392,32.721,32.241,32.675,2304655
2015-10-16,32.784,33.065,32.531,32.531,2346311
2015-10-19,32.619,32.788,32.136,32.199,2421414
2015-10-20,32.196,32.35,31.884,32.153,2326875
2015-10-21,32.187,32.232,31.855,31.897,1447661
2015-10-22,31.934,31.934,31.387,31.527,2038859
2015-10-23,31.654,31.808,31.38,31.544,2559391
2015-10-26,31.308,31.864,31.199,31.821,1933675
2015-10-27,31.864,32.263,31.581,32.178,1599983
2015-10-28,31.981,32.187,31.9,32.187,1395739
2015-10-29,32.065,32.073,31.334,31.443,1208434
2015-10-30,31.443,31.762,31.258,31.591,2101614
2015-11-02,31.591,32.04,31.46,31.737,1214049
2015-11-03,31.771,31.93,31.531,31.654,1193066
2015-11-04,31.859,32.191,31.654,31.771,1472257
2015-11-05,31.864,32.09,31.771,31.771,853571
2015-11-06,31.787,32.007,31.611,31.771,2801019
2015-11-09,31.771,31.771,31.334,31.591,841890
2015-11-10,31.115,31.527,30.816,30.854,2571083
2015-11-12,31.148,31.594,31.148,31.363,3931103
2015-11-13,31.233,32.28,31.064,32.115,3837349
2015-11-16,32.107,32.431,32.031,32.284,2379331
2015-11-17,32.3,33.355,32.212,32.956,2876014
2015-11-18,32.839,33.208,32.561,33.141,1066056
2015-11-19,33.461,33.595,32.788,33.082,1206876
2015-11-20,33.242,33.267,33.019,33.166,809251
2015-11-23,33.096,33.096,32.469,32.704,1376268
2015-11-24,32.704,32.704,31.656,32.099,1773061
2015-11-25,32.216,32.334,31.581,31.864,2559879
2015-11-26,31.939,32.35,31.62,32.241,1926216
2015-11-27,32.284,32.418,32.06,32.167,1410798
2015-11-30,32.284,32.745,31.695,32.452,2242705
2015-12-01,32.266,32.738,32.081,32.384,1578541
2015-12-02,31.947,32.266,31.762,32.133,5040463
2015-12-03,31.956,32.46,30.115,31.023,8359848
2015-12-04,30.51,30.644,28.946,29.963,7105571
2015-12-07,29.728,29.963,29.055,29.173,2497003
2015-12-08,28.92,29.249,27.828,28.416,3579841
2015-12-09,28.416,28.416,26.827,27.13,4239045
2015-12-10,26.987,28.079,26.777,27.55,3368518
2015-12-11,27.785,27.979,26.44,26.483,2888213
2015-12-14,26.592,27.256,25.977,26.424,1821886
2015-12-15,26.6,27.113,26.163,26.584,2748084
2015-12-16,26.735,27.189,26.415,27.173,1855102
2015-12-17,27.272,28.155,26.979,27.845,2677506
2015-12-18,27.702,28.576,27.592,28.484,7884581
2015-12-21,28.198,28.828,28.198,28.752,1718999
2015-12-22,28.795,29.72,28.66,29.13,3646876
2015-12-23,29.425,29.425,28.592,28.71,2007275
2015-12-28,28.685,28.728,28.113,28.29,1592458
2015-12-29,28.298,29.173,28.298,28.954,1772755
2015-12-30,28.954,29.055,28.584,28.601,1192878
2016-01-04,28.138,28.231,27.76,28.097,941403
2016-01-05,28.273,28.4,27.197,27.5,1936077
2016-01-07,26.676,27.508,26.667,26.904,2447817
2016-01-08,26.987,27.146,26.348,26.987,2020685
2016-01-11,26.904,27.256,26.264,26.66,3351110
2016-01-12,26.768,27.744,26.768,27.659,2106895
2016-01-13,27.995,28.131,27.449,27.659,3193684
2016-01-14,27.492,28.4,27.231,28.4,2753556
2016-01-15,28.079,28.324,27.828,27.828,2574149
2016-01-18,26.904,27.441,26.744,26.904,2301462
2016-01-19,27.155,27.686,26.987,26.987,2610538
2016-01-20,26.667,26.819,26.188,26.188,2643187
2016-01-21,26.231,26.592,25.399,25.81,2076956
2016-01-22,26.062,26.49,25.928,26.49,2729141
2016-01-25,26.483,27.18,26.398,27.146,4156109
2016-01-26,26.802,26.904,26.391,26.424,2325307
2016-01-27,26.34,26.777,26.314,26.777,1852431
2016-01-28,26.584,27.071,26.533,27.037,1976313
2016-01-29,27.155,27.272,26.911,27.189,1977048
2016-02-01,27.306,27.306,26.819,27.18,1228800
2016-02-02,27.272,27.272,26.079,26.314,2142327
2016-02-03,26.314,26.633,26.113,26.398,1170751
2016-02-04,26.608,27.189,26.524,27.189,2332356
2016-02-05,27.231,27.862,27.063,27.163,1848429
2016-02-08,27.323,27.323,26.49,26.877,1133734
2016-02-09,26.735,26.877,26.231,26.567,1293427
2016-02-10,26.895,27.29,26.81,26.92,2306385
2016-02-11,26.827,27.071,26.432,26.904,2070089
2016-02-12,26.904,27.214,26.558,26.558,1713935
2016-02-15,26.895,27.189,26.836,27.063,1463957
2016-02-16,27.163,27.197,26.777,26.777,1151349
2016-02-17,26.819,27.408,26.819,27.256,3433653
2016-02-18,27.458,28.904,27.408,28.584,5231108
2016-02-19,28.584,28.795,27.995,28.551,1801256
2016-02-22,28.92,29.097,28.651,28.837,1584308
2016-02-23,28.584,29.114,28.441,29.005,1195271
2016-02-24,29.013,29.105,28.474,28.601,1086940
2016-02-25,28.736,29.223,28.5,29.207,1213284
2016-02-26,29.4,29.88,29.374,29.484,2253142
2016-02-29,29.316,29.4,28.644,29.005,2088634
2016-03-01,29.005,29.005,28.273,28.963,1606974
2016-03-02,29.164,29.265,28.079,28.079,2442371
2016-03-03,28.248,29.089,27.92,29.089,2792477
2016-03-04,29.123,29.13,28.736,28.92,1468960
2016-03-07,29.072,29.518,28.82,29.425,1370354
2016-03-08,29.299,29.4,29.005,29.215,1168762
2016-03-09,29.089,29.51,29.005,29.51,976004
2016-03-10,29.425,30.316,29.333,30.316,2381534
2016-03-11,30.35,30.644,29.887,30.518,1990869
2016-03-14,30.576,30.787,29.526,30.173,2070691
2016-03-15,30.266,30.266,29.652,29.905,1295517
2016-03-16,30.031,30.282,29.787,30.282,1338884
2016-03-17,30.359,30.821,29.946,30.35,2647839
2016-03-18,30.366,30.543,30.097,30.434,5118922
2016-03-21,30.408,30.408,29.383,29.551,2750497
2016-03-22,29.51,29.929,29.039,29.929,2416172
2016-03-23,29.846,29.989,29.005,29.198,2157927
2016-03-24,29.123,29.157,28.592,28.795,1125732
2016-03-29,28.795,29.34,28.719,29.089,1149167
2016-03-30,29.358,29.979,29.24,29.912,2182993
2016-03-31,29.82,29.989,29.551,29.929,2281686
2016-04-01,29.677,29.744,29.005,29.744,1637660
2016-04-04,29.736,30.215,29.602,30.183,890452
2016-04-05,29.905,30.047,29.181,29.408,2170667
2016-04-06,29.433,29.72,29.274,29.51,1435542
2016-04-07,29.686,29.803,29.425,29.762,2192888
2016-04-08,29.787,29.829,29.543,29.803,1320120
2016-04-11,29.803,29.871,29.442,29.534,1353925
2016-04-12,29.534,29.618,29.114,29.476,972749
2016-04-13,29.702,29.846,29.492,29.762,1359968
2016-04-14,29.636,30.115,29.636,30.097,1901802
2016-04-15,30.139,30.149,29.492,29.753,1260518
2016-04-18,29.51,29.972,29.408,29.921,1196532
2016-04-19,29.938,30.199,29.476,29.534,2489311
2016-04-20,29.51,30.089,29.51,29.972,2070324
2016-04-21,30.081,30.156,29.45,29.636,1614210
2016-04-22,29.593,29.762,29.256,29.51,1406040
2016-04-25,29.34,29.408,28.937,29.164,920651
2016-04-26,29.039,29.08,28.752,28.837,785491
2016-04-27,28.795,29.047,28.668,28.668,776518
2016-04-28,28.668,29.064,28.375,29.005,1449433
2016-04-29,28.997,29.021,28.474,29.021,1657520
2016-05-02,29.005,29.08,28.82,28.879,337498
2016-05-04,28.668,29.064,28.458,28.752,1721162
2016-05-05,28.752,28.98,28.618,28.66,1078979
2016-05-06,28.584,28.786,28.29,28.728,975296
2016-05-09,28.752,29.055,28.601,28.795,991687
2016-05-10,28.761,28.997,28.165,28.248,994458
2016-05-11,28.215,28.551,27.896,28.332,1339304
2016-05-12,27.954,28.634,27.954,28.634,1843807
2016-05-13,28.559,28.888,28.348,28.584,1229168
2016-05-16,29.005,29.51,28.854,29.425,1014716
2016-05-17,29.526,29.736,29.105,29.105,1215405
2016-05-18,29.173,29.787,28.997,29.787,1201455
2016-05-19,29.787,29.795,29.147,29.215,1471459
2016-05-20,29.256,29.408,28.946,28.946,1926345
2016-05-23,28.795,28.795,27.416,27.802,3991820
2016-05-24,27.736,27.869,27.205,27.298,2070364
2016-05-25,27.592,28.047,27.306,27.306,2110029
2016-05-27,27.5,27.516,27.113,27.323,1706766
2016-05-30,27.365,27.449,26.987,27.306,569361
2016-05-31,27.265,27.399,26.188,26.247,4492043
2016-06-01,26.247,26.373,25.331,25.532,3264487
2016-06-02,25.558,26.104,25.381,25.801,1926439
2016-06-03,25.785,26.457,25.785,26.062,1199667
2016-06-06,26.163,26.364,25.86,26.137,739365
2016-06-07,26.197,27.113,26.181,27.029,1706202
2016-06-08,27.029,27.323,26.667,27.096,1608462
2016-06-09,27.189,27.189,26.508,26.65,1734902
2016-06-10,26.693,26.693,25.977,25.977,1569973
2016-06-13,25.793,25.851,24.936,25.406,2324731
2016-06-14,25.314,25.541,25.003,25.263,1980749
2016-06-15,25.365,25.498,25.221,25.263,1005207
2016-06-16,25.053,25.053,24.229,24.423,3744439
2016-06-17,24.465,24.75,24.296,24.431,3096373
2016-06-20,24.549,25.39,24.549,25.239,2082133
2016-06-21,25.221,26.037,25.137,26.037,1919796
2016-06-22,26.037,26.382,25.566,26.171,2028758
2016-06-23,26.054,26.391,25.6,26.104,2205356
2016-06-24,22.994,24.784,22.808,24.76,6239590
2016-06-27,24.76,24.76,23.75,23.75,1750503
2016-06-28,24.213,24.263,23.935,24.263,2382382
2016-06-29,24.347,24.448,23.666,23.867,8168522
2016-06-30,23.792,24.313,23.473,24.003,9548225
2016-07-01,24.129,24.255,23.691,24.087,2505035
2016-07-04,23.792,23.91,23.053,23.372,2494174
2016-07-05,23.372,23.448,23.061,23.33,2041642
2016-07-06,23.338,23.498,22.926,22.943,1747236
2016-07-07,23.161,23.768,23.095,23.246,5143755
2016-07-08,23.246,23.363,22.977,23.246,4460877
2016-07-11,23.456,23.75,23.178,23.246,4586066
2016-07-12,23.431,23.75,23.321,23.54,4786926
2016-07-13,23.532,23.632,22.834,23.011,3696062
2016-07-14,23.144,23.338,22.985,23.288,4541313
2016-07-15,23.161,24.045,23.119,23.708,4955069
2016-07-18,24.003,24.683,23.96,24.339,5344422
2016-07-19,24.506,24.532,24.087,24.38,2041479
2016-07-20,24.38,24.852,24.221,24.835,1891469
2016-07-21,24.886,25.096,24.843,24.969,1904891
2016-07-22,24.985,25.003,24.608,24.717,1307160
2016-07-25,24.801,25.558,24.801,25.558,3393868
2016-07-26,25.558,25.6,25.103,25.288,2026375
2016-07-27,25.213,25.213,24.549,24.624,2705414
2016-07-28,24.389,24.666,23.86,24.07,3640605
2016-07-29,24.196,24.196,23.666,23.708,2896747
2016-08-01,24.045,24.263,23.927,24.036,1748860
2016-08-02,24.229,24.642,23.918,24.448,3149149
2016-08-03,24.465,24.54,23.498,23.7,2871181
2016-08-04,23.742,24.019,23.506,24.019,2251390
2016-08-05,24.045,24.17,23.624,23.624,1673749
2016-08-08,23.944,24.17,23.826,24.137,2533391
2016-08-09,24.17,24.506,24.095,24.407,2624545
2016-08-10,24.498,24.516,24.187,24.255,1927775
2016-08-11,24.339,24.516,24.163,24.516,2071004
2016-08-12,24.506,24.726,24.213,24.288,1788151
2016-08-16,24.213,24.49,24.087,24.414,1845604
2016-08-17,24.472,24.532,24.045,24.38,1727485
2016-08-18,24.38,24.59,24.17,24.213,1345112
2016-08-19,24.423,24.423,23.977,24.019,804005
2016-08-22,23.986,24.078,23.666,23.666,1299291
2016-08-23,23.204,23.321,22.488,22.868,6269277
2016-08-24,22.776,23.304,22.12,23.119,13700820
2016-08-25,23.161,23.161,22.624,22.952,2569748
2016-08-26,23.035,23.119,22.692,23.001,1052765
2016-08-29,23.027,23.027,22.766,22.994,821886
2016-08-30,23.078,23.439,22.842,23.119,2750657
2016-08-31,23.246,23.49,23.171,23.246,2633271
2016-09-01,23.415,23.473,22.648,22.716,2208990
2016-09-02,22.825,23.035,22.8,22.952,1153701
2016-09-05,23.035,23.288,23.035,23.288,989133
2016-09-06,23.363,23.608,22.96,23.464,3227477
2016-09-07,23.574,23.809,23.498,23.734,1676472
2016-09-08,23.792,23.977,23.64,23.918,3466895
2016-09-09,23.96,23.977,23.54,23.582,1653781
2016-09-12,23.498,23.616,23.103,23.279,1761951
2016-09-13,23.415,23.415,22.875,22.952,1867638
2016-09-14,23.035,23.246,22.766,23.112,1733108
2016-09-15,23.187,23.187,22.884,22.952,916441
2016-09-16,23.053,23.053,22.792,22.792,3451702
2016-09-19,23.078,23.33,22.875,23.161,1255987
2016-09-20,23.204,23.204,22.792,23.011,1202040
2016-09-21,23.237,23.237,22.909,23.078,2574489
2016-09-22,23.204,23.624,23.119,23.616,4085186
2016-09-23,23.624,23.758,23.255,23.473,9116536
2016-09-26,23.54,23.54,23.078,23.161,1479837
2016-09-27,23.119,23.246,22.338,22.658,3781661
2016-09-28,22.742,22.775,22.035,22.195,4687392
2016-09-29,22.77,22.788,22.04,22.533,3493181
2016-09-30,22.36,22.615,22.222,22.249,5032351
2016-10-03,22.341,22.35,22.185,22.259,4488891
2016-10-04,22.368,23.847,22.341,23.847,6900174
2016-10-05,24.093,25.59,23.911,24.769,11122228
2016-10-06,24.933,25.042,24.111,24.212,3546516
2016-10-07,24.367,24.431,23.656,23.893,2532553
2016-10-10,24.093,24.23,23.837,24.138,2509209
2016-10-11,24.138,24.212,23.765,23.819,1336422
2016-10-12,23.81,23.975,23.473,23.691,1349101
2016-10-13,23.5,23.637,23.226,23.226,2239478
2016-10-14,23.491,23.619,22.505,22.615,2864187
2016-10-17,22.268,23.436,22.222,23.263,3066217
2016-10-18,23.354,23.564,22.651,23.089,1873832
2016-10-19,23.144,23.774,22.815,23.774,2674914
2016-10-20,23.837,23.957,23.619,23.774,1995837
2016-10-21,23.965,24.011,23.646,23.673,2714014
2016-10-24,23.901,24.039,23.737,23.737,2068491
2016-10-25,23.865,23.957,23.664,23.664,2145446
2016-10-26,23.728,23.947,23.664,23.901,1966165
2016-10-27,23.856,24.641,23.737,24.641,3778393
2016-10-28,24.641,25.189,24.44,25.189,3927617
2016-10-31,25.179,25.444,24.412,24.859,3441758
2016-11-02,24.513,24.878,24.239,24.641,6414881
2016-11-03,24.632,24.969,24.358,24.869,4110055
2016-11-04,24.824,24.969,24.659,24.878,1625193
2016-11-07,25.252,25.252,24.841,24.896,1641041
2016-11-08,25.042,25.216,24.896,25.006,1552902
2016-11-09,24.276,25.024,24.239,24.997,2808451
2016-11-10,25.261,25.9,25.106,25.553,4532583
2016-11-14,25.462,25.809,25.216,25.216,6442510
2016-11-15,25.106,25.352,24.659,24.869,2811078
2016-11-16,24.915,25.042,24.686,24.832,3103752
2016-11-17,24.979,25.644,24.851,25.48,3546907
2016-11-18,25.471,25.644,25.015,25.37,2069488
2016-11-21,25.426,26.785,25.426,26.064,6762215
2016-11-22,26.247,26.484,26.009,26.293,4085742
2016-11-23,26.283,26.411,25.937,26.155,1897873
2016-11-24,26.238,26.421,26.028,26.229,1067695
2016-11-25,26.32,26.612,26.174,26.612,2937363
2016-11-28,26.575,26.694,26.311,26.466,2670562
2016-11-29,26.466,26.722,26.302,26.722,2119127
2016-11-30,26.785,27.241,26.785,26.986,7423793
2016-12-01,27.086,27.142,26.703,26.703,3797328
2016-12-02,26.722,26.722,26.365,26.594,2790117
2016-12-05,26.694,27.214,26.53,27.214,1196450
2016-12-06,27.224,27.735,27.023,27.671,2223435
2016-12-07,27.653,28.675,27.534,28.665,6472082
2016-12-08,29.112,30.582,28.747,29.423,11496196
2016-12-09,29.843,29.843,28.328,29.204,5432527
2016-12-12,29.368,29.377,28.473,28.747,2628477
2016-12-13,28.793,29.633,28.619,29.095,3729845
2016-12-14,29.159,30.162,29.067,29.989,5154082
2016-12-15,29.979,30.089,29.596,29.943,1929130
2016-12-16,29.934,30.208,29.487,30.117,4227936
2016-12-19,29.769,30.426,29.542,30.117,2038211
2016-12-20,30.235,30.509,30.181,30.208,1647525
2016-12-21,30.263,30.29,29.66,29.697,1189827
2016-12-22,29.67,30.162,29.614,29.989,2049797
2016-12-23,30.117,30.208,29.67,29.752,690299
2016-12-27,29.843,29.934,29.578,29.614,518581
2016-12-28,29.614,29.979,29.56,29.56,1643391
2016-12-29,29.56,30.299,29.523,30.28,3053253
2016-12-30,30.391,30.929,30.263,30.308,1860589
2017-01-02,30.5,30.527,30.007,30.391,628967
2017-01-03,30.418,30.92,30.28,30.865,2277824
2017-01-04,30.892,31.12,30.208,30.272,3045441
2017-01-05,30.272,30.436,29.934,29.952,3144252
2017-01-09,29.998,30.801,29.715,30.801,3696412
2017-01-10,30.81,31.385,30.764,31.303,2517638
2017-01-11,31.303,31.485,31.075,31.485,2039471
2017-01-12,31.303,31.448,30.755,30.755,1953057
2017-01-13,30.728,31.056,30.418,30.682,1532376
2017-01-16,30.764,31.932,30.728,31.924,2263980
2017-01-17,31.768,32.124,31.403,31.403,2051118
2017-01-18,31.759,31.805,31.129,31.303,1475296
2017-01-19,31.166,31.613,31.139,31.33,1020783
2017-01-20,31.33,31.832,31.312,31.658,2653216
2017-01-23,31.495,31.814,31.33,31.613,437629
2017-01-24,31.567,31.741,31.403,31.714,1606343
2017-01-25,31.714,32.635,31.714,32.581,2859126
2017-01-26,32.672,32.827,32.243,32.398,1862726
2017-01-27,32.316,32.517,32.134,32.307,1195606
2017-01-30,32.307,32.316,31.942,32.078,1237628
2017-01-31,32.033,32.334,31.942,32.124,1670263
2017-02-01,32.252,32.562,32.252,32.398,1575191
2017-02-02,32.398,32.589,32.179,32.307,1060515
2017-02-03,32.261,32.626,32.169,32.626,1389711
2017-02-06,32.763,32.808,32.489,32.754,877962
2017-02-07,32.736,33.037,32.581,32.863,2439947
2017-02-08,32.872,33.311,32.855,33.128,1572482
2017-02-09,33.265,33.584,33.137,33.411,2751521
2017-02-10,33.675,33.749,33.238,33.739,2201685
2017-02-13,33.758,34.214,33.64,33.767,1139281
2017-02-14,33.794,34.122,33.63,34.04,3081773
2017-02-15,34.114,34.314,33.548,34.087,2305418
2017-02-16,34.087,34.196,33.721,34.004,2237113
2017-02-17,33.976,34.087,33.648,34.013,1871285
2017-02-20,34.013,34.013,33.721,33.976,664664
2017-02-21,33.776,34.625,33.776,34.606,1761345
2017-02-22,34.643,34.808,34.452,34.771,1154290
2017-02-23,34.68,34.734,34.141,34.223,1278503
2017-02-24,34.223,34.406,33.621,33.721,1393999
2017-02-27,33.721,34.013,33.438,33.703,955016
2017-02-28,33.721,33.858,32.919,32.919,2793749
2017-03-01,33.037,33.712,33.037,33.484,2916804
2017-03-02,33.539,33.63,33.338,33.493,4617162
2017-03-03,33.401,33.493,33.128,33.128,2816090
2017-03-06,33.037,33.457,32.982,33.228,2685765
2017-03-07,33.119,33.228,32.9,33.046,1955058
2017-03-08,32.872,33.712,32.872,33.128,1300424
2017-03-09,33.22,33.274,32.179,32.645,2765929
2017-03-10,32.855,33.448,32.845,33.311,2405091
2017-03-13,33.311,34.552,33.137,34.552,1992890
2017-03-14,34.689,34.825,33.603,33.694,1973667
2017-03-15,34.479,34.479,33.731,33.731,2102842
2017-03-16,34.296,34.452,34.159,34.369,2723659
2017-03-17,34.406,34.907,34.333,34.734,4609008
2017-03-20,34.68,34.835,34.013,34.378,1089765
2017-03-21,34.278,34.835,33.721,33.813,1665336
2017-03-22,33.493,34.68,32.808,34.68,2386803
2017-03-23,33.493,33.877,32.964,33.137,8402205
2017-03-24,33.401,33.557,32.68,32.808,2484258
2017-03-27,32.553,32.553,31.805,32.124,1553649
2017-03-28,32.307,32.808,32.307,32.699,1394564
2017-03-29,33.028,33.128,32.243,32.425,1505017
2017-03-30,32.581,32.89,32.024,32.663,2546969
2017-03-31,32.408,32.818,31.586,31.759,1892123
2017-04-03,32.042,32.443,31.96,32.344,1307684
2017-04-04,32.078,32.744,32.078,32.672,1570215
2017-04-05,32.855,33.356,32.808,33.201,1779074
2017-04-06,33.073,33.712,32.946,33.712,1605734
2017-04-07,33.548,34.178,33.356,34.178,2669153
2017-04-10,34.178,34.424,33.986,34.314,2114023
2017-04-11,34.141,34.835,34.087,34.588,4394632
2017-04-12,34.588,34.707,33.904,33.904,2186868
2017-04-13,33.867,34.314,33.867,34.068,697885
2017-04-18,34.132,34.497,33.785,34.104,1308863
2017-04-19,34.178,35.4,34.132,35.319,3012898
2017-04-20,35.319,36.121,34.999,35.838,5785335
2017-04-21,36.048,36.687,35.364,35.501,5321105
2017-04-24,36.322,36.405,35.62,35.775,1472291
2017-04-25,35.985,36.679,35.948,36.596,3304970
2017-04-26,36.687,38.595,36.679,38.239,4251858
2017-04-27,38.312,39.544,38.248,39.234,5298134
2017-04-28,38.786,39.626,38.521,39.06,2637149
2017-05-02,39.471,40.493,39.462,40.155,3355930
2017-05-04,40.52,41.269,39.654,40.338,4552870
2017-05-05,40.338,40.748,39.708,40.666,3522362
2017-05-08,40.977,41.059,40.292,40.748,3570992
2017-05-09,40.886,41.341,40.63,41.123,1820894
2017-05-10,41.15,41.387,40.018,40.073,1335704
2017-05-11,39.982,41.187,39.699,40.183,1447221
2017-05-12,40.612,40.785,40.192,40.292,1468512
2017-05-15,40.703,41.195,40.137,41.123,1848300
2017-05-16,41.123,41.387,40.328,40.95,2368553
2017-05-17,40.74,42.136,40.602,40.612,5641197
2017-05-18,40.612,40.968,39.425,40.155,3453620
2017-05-19,40.338,42.099,40.192,42.026,2185406
2017-05-22,41.99,42.647,41.588,42.619,2846053
2017-05-23,42.619,42.938,42.136,42.355,2320646
2017-05-24,42.136,42.765,42.017,42.528,2963918
2017-05-25,42.847,43.039,42.382,42.693,1150328
2017-05-26,42.355,42.483,41.862,41.98,1340014
2017-05-29,41.908,42.072,41.57,41.972,517339
2017-05-30,41.506,41.506,40.283,40.292,3823157
2017-05-31,40.247,40.876,39.745,40.456,6323063
2017-06-01,40.264,40.794,39.881,40.602,1096921
2017-06-02,40.803,41.077,40.703,41.022,2959540
2017-06-05,40.758,41.205,40.119,40.338,1379417
2017-06-06,40.155,40.794,40.082,40.538,2163382
2017-06-07,40.84,41.059,40.439,40.474,1976678
2017-06-08,40.612,41.752,40.429,41.552,1870678
2017-06-09,41.56,41.642,41.068,41.479,1567874
2017-06-12,41.168,41.432,40.73,41.068,1453961
2017-06-13,40.94,41.442,40.886,41.296,2278639
2017-06-14,40.931,41.16,40.119,40.292,2801321
2017-06-16,40.247,40.575,39.864,40.474,4194200
2017-06-19,40.63,41.141,40.247,40.703,3152164
2017-06-20,40.876,41.068,40.602,40.703,1166965
2017-06-21,40.439,40.767,40.091,40.365,3212819
2017-06-22,40.365,40.593,40.2,40.429,1658178
2017-06-23,40.429,40.867,40.219,40.849,1518553
2017-06-26,40.968,41.496,40.968,41.341,1254894
2017-06-27,41.251,42.072,41.251,41.953,1574588
2017-06-28,41.825,41.98,41.305,41.615,2799460
2017-06-29,41.615,41.98,40.776,41.607,1509580
2017-06-30,41.661,41.661,40.694,40.694,1161546
2017-07-03,41.059,41.205,40.876,41.049,633403
2017-07-04,41.049,41.068,40.264,40.292,452902
2017-07-05,40.447,40.776,40.292,40.557,1396463
2017-07-06,40.456,41.041,40.283,40.684,1336898
2017-07-07,40.529,40.684,40.091,40.155,1245919
2017-07-10,40.429,40.931,39.8,40.109,1912347
2017-07-11,40.155,40.292,39.516,40.292,3422922
2017-07-12,40.292,40.292,40,40.128,4164127
2017-07-13,40.155,40.612,40.109,40.511,2532568
2017-07-14,40.52,40.593,40.055,40.338,1960965
2017-07-17,40.41,41.013,40.165,40.328,1917338
2017-07-18,40.311,40.758,40.256,40.42,1845027
2017-07-19,40.52,41.013,40.511,40.886,1879915
2017-07-20,40.977,41.679,40.803,41.524,2520524
2017-07-21,41.524,42.054,41.004,41.424,1378371
2017-07-24,41.068,41.588,40.566,40.566,1624078
2017-07-25,40.703,40.748,40.356,40.548,2600083
2017-07-26,40.703,41.16,40.447,40.447,2301564
2017-07-27,40.502,40.84,40.155,40.429,1740040
2017-07-28,40.429,40.73,40.338,40.612,1924927
2017-07-31,40.612,40.794,40.2,40.42,3018604
2017-08-01,40.42,40.566,40.018,40.155,3042404
2017-08-02,40.237,40.876,40.173,40.876,1408264
2017-08-03,40.867,42.254,40.684,42.163,2238832
2017-08-04,42.163,42.392,41.533,41.935,1913576
2017-08-07,41.825,42.044,41.698,41.798,1185247
2017-08-08,41.725,42.756,41.725,42.747,2239154
2017-08-09,42.437,42.683,41.999,42.446,1178569
2017-08-10,42.446,42.664,41.716,42.108,1389411
2017-08-11,41.661,41.935,41.442,41.524,890406
2017-08-14,41.789,42.145,41.56,41.671,1032692
2017-08-16,41.679,42.373,41.679,41.752,1305719
2017-08-17,41.57,41.871,40.94,41.022,2251337
2017-08-18,40.886,41.113,40.575,40.977,921305
2017-08-21,40.84,41.241,40.612,41.068,1032455
2017-08-22,41.333,41.706,41.314,41.588,739634
2017-08-23,41.533,41.98,41.524,41.752,2411282
2017-08-24,41.834,42.656,41.78,42.619,2014111
2017-08-25,42.683,43.596,42.254,43.395,2482697
2017-08-28,43.395,44.262,43.076,44.234,1751534
2017-08-29,44.234,44.253,43.486,43.897,1981492
2017-08-30,44.253,44.436,43.696,44.216,1911860
2017-08-31,43.577,44.417,43.532,44.262,2418879
2017-09-01,44.399,44.572,44.143,44.353,1243854
2017-09-04,44.125,44.654,44.079,44.6,1236456
2017-09-05,44.59,45.184,44.335,44.582,1115882
2017-09-06,44.536,45.157,44.353,44.773,1608189
2017-09-07,44.718,45.065,44.034,44.034,2174780
2017-09-08,43.842,44.088,42.903,43.532,1423102
2017-09-11,43.897,44.399,43.715,43.915,2174620
2017-09-12,44.216,44.326,43.441,43.449,1896696
2017-09-13,43.377,43.797,43.368,43.55,1422473
2017-09-14,43.669,43.769,43.432,43.468,926988
2017-09-15,43.624,43.705,43.24,43.705,3112687
2017-09-18,43.705,43.943,42.811,42.966,1003048
2017-09-19,43.03,43.56,42.693,42.893,955344
2017-09-20,42.984,43.204,42.026,42.455,1316416
2017-09-21,42.656,42.948,42.291,42.893,1333982
2017-09-22,42.893,44.071,42.784,43.897,2043334
2017-09-25,43.842,44.024,42.975,42.975,1057757
2017-09-26,42.975,43.13,42.209,42.674,1778239
2017-09-27,42.889,42.889,42.108,42.108,1626958
2017-09-28,42.626,42.626,41.882,42.4,1575202
2017-09-29,42.711,43.482,42.711,43.294,1987167
2017-10-02,43.294,43.652,43.238,43.501,1275718
2017-10-03,43.407,43.652,43.294,43.652,1208219
2017-10-04,43.708,44.019,42.918,43.2,2350681
2017-10-05,43.275,43.558,42.551,43.021,834158
2017-10-06,43.191,43.661,43.012,43.548,1520983
2017-10-09,43.614,43.765,43.416,43.652,493172
2017-10-10,43.765,43.821,43.388,43.774,1087901
2017-10-11,43.774,44.941,43.774,44.913,2122302
2017-10-12,44.998,45.318,44.311,44.329,1607483
2017-10-13,44.329,44.772,43.953,44.235,1534415
2017-10-16,44.019,44.555,43.821,44.518,998719
2017-10-17,44.301,44.678,43.925,43.925,1037544
2017-10-18,44.141,44.612,43.896,44.122,1089876
2017-10-19,44.471,44.678,43.435,43.576,2010576
2017-10-20,43.708,44.329,43.671,44.179,2014357
2017-10-23,43.981,44.329,43.981,44.16,531312
2017-10-24,43.953,44.113,43.501,43.944,1347410
2017-10-25,43.68,43.849,42.118,42.118,2448145
2017-10-26,42.118,42.4,40.518,41.845,3236613
2017-10-27,41.929,43.398,41.553,43.398,1644671
2017-10-30,43.416,44.075,43.416,43.765,707611
2017-10-31,43.445,44.32,43.445,44.216,893889
2017-11-02,43.953,44.518,43.727,44.047,1371434
2017-11-03,44.047,44.047,43.294,43.388,1553275
2017-11-06,43.388,44.687,43.388,44.471,1718054
2017-11-07,44.687,45.12,44.141,44.612,1470284
2017-11-08,44.621,44.922,44.358,44.471,882497
2017-11-09,44.348,44.508,43.021,43.096,1201990
2017-11-10,43.256,43.482,42.72,42.72,856047
2017-11-13,42.729,42.871,41.487,41.506,1052248
2017-11-14,41.788,42.353,41.233,41.374,1102289
2017-11-15,41.553,42.24,41.553,41.704,919370
2017-11-16,42.193,43.388,41.506,42.758,1687471
2017-11-17,42.776,43.746,42.616,43.153,1503210
2017-11-20,42.955,43.746,42.259,43.294,850815
2017-11-21,43.294,44.235,43.125,44.141,2463862
2017-11-22,44.141,44.678,44.104,44.216,1366323
2017-11-23,44.094,44.32,43.671,43.68,789281
2017-11-24,43.859,44.141,43.106,43.106,831216
2017-11-27,43.059,43.652,42.955,43.238,604806
2017-11-28,43.049,43.473,42.776,42.889,1101935
2017-11-29,43.266,43.529,42.165,42.165,999323
2017-11-30,42.136,42.616,41.826,41.826,2549954
2017-12-01,42.005,42.4,41.468,41.572,919218
2017-12-04,41.553,42.814,41.289,42.494,931196
2017-12-05,42.372,42.871,41.553,41.553,1081747
2017-12-06,41.553,42.259,41.28,42.127,2174943
2017-12-07,42.212,42.72,41.318,41.318,1143849
2017-12-08,41.506,41.769,40.565,40.847,1014630
2017-12-11,40.988,41.609,40.875,41.176,1172208
2017-12-12,41.318,41.318,40.715,41.176,1994760
2017-12-13,41.224,41.638,41.073,41.092,1052857
2017-12-14,41.016,41.6,40.885,41.412,1479999
2017-12-15,41.525,41.591,40.179,40.179,3573500
2017-12-18,40.264,41.233,40.235,41.176,2340560
2017-12-19,41.224,41.431,40.64,40.64,1156002
2017-12-20,40.8,41.092,40.198,40.198,994257
2017-12-21,40.188,40.282,39.567,39.567,2030302
2017-12-22,39.567,39.831,38.824,38.824,1401421
2017-12-27,38.664,39.332,37.591,38.372,4076009
2017-12-28,38.56,39.755,38.494,39.614,1018928
2017-12-29,39.633,39.991,39.36,39.68,1118189
2018-01-03,39.765,40.894,39.765,40.781,1251081
2018-01-04,41.129,42.494,41.045,42.353,2762545
2018-01-05,42.353,42.456,41.506,41.666,2466199
2018-01-08,41.751,41.995,41.148,41.619,3219294
2018-01-09,41.864,42.024,41.449,41.967,1125480
2018-01-10,42.353,42.701,41.431,41.929,1978979
2018-01-11,42.155,42.494,41.336,42.494,3196952
2018-01-12,42.654,43.445,42.494,42.701,1678552
2018-01-15,42.635,42.824,42.278,42.447,705047
2018-01-16,42.635,43.153,42.353,42.494,2994010
2018-01-17,42.635,42.635,41.967,42.278,2102997
2018-01-18,42.494,42.588,42.118,42.118,1629525
2018-01-19,42.024,42.419,41.798,42.4,2532901
2018-01-22,42.541,43.492,42.447,43.388,1633928
2018-01-23,43.435,44.169,43.341,43.878,2279082
2018-01-24,43.878,43.991,43.369,43.369,893167
2018-01-25,43.294,44.235,43.068,43.859,1523656
2018-01-26,44.009,44.555,43.981,44.555,1190435
2018-01-29,44.311,44.508,43.529,43.765,1230568
2018-01-30,43.492,43.501,42.776,43.059,824326
2018-01-31,43.059,43.52,42.786,43.049,891872
2018-02-01,43.021,43.454,41.449,41.572,1762644
2018-02-02,41.609,41.675,40.941,40.941,2113010
2018-02-05,40.471,41.214,40.235,40.988,2468231
2018-02-06,39.718,40.612,39.266,39.332,3743120
2018-02-07,39.765,40.678,39.633,40.442,3275365
2018-02-08,40.471,41.384,40.424,41.064,2490450
2018-02-09,40.471,41.525,40.405,40.8,2174202
2018-02-12,41.271,41.76,40.951,41.506,1458586
2018-02-13,41.515,42.344,41.158,42.344,1190771
2018-02-14,42.353,42.447,41.882,42.353,1330186
2018-02-15,42.635,42.729,41.591,41.591,1069354
2018-02-16,42.155,42.155,41.365,41.958,776946
2018-02-19,42.071,42.193,41.412,41.694,524436
2018-02-20,41.835,41.864,41.28,41.562,947963
2018-02-21,41.421,41.666,41.139,41.478,998264
2018-02-22,41.129,41.129,40.48,40.847,2593736
2018-02-23,40.988,41.496,40.847,41.035,587386
2018-02-26,41.365,42.315,41.346,41.788,906560
2018-02-27,42.155,42.155,41.129,41.336,1484075
2018-02-28,41.045,41.327,40.207,40.216,2409375
2018-03-01,40.282,40.282,39.238,39.426,2433270
2018-03-02,39.529,39.981,38.908,39.106,2642857
2018-03-05,39.106,39.529,38.692,39.407,1420775
2018-03-06,39.699,39.718,39.36,39.52,1127917
2018-03-07,39.238,40.282,38.918,40.151,1092211
2018-03-08,40.216,40.452,39.548,40.179,984350
2018-03-09,40,41.129,39.671,41.129,1085984
2018-03-12,41.129,41.892,41.12,41.468,1202854
2018-03-13,41.506,41.845,41.186,41.393,1157490
2018-03-14,41.393,41.929,41.242,41.449,1530440
2018-03-15,42.259,42.466,41.553,41.553,2360482
2018-03-16,41.318,41.6,40.254,40.254,5037576
2018-03-19,40.471,40.593,39.228,39.482,1077633
2018-03-20,39.435,40.376,39.247,40.329,1118351
2018-03-21,40.028,41.788,40.019,41.129,1651997
2018-03-22,40.725,41.374,40.216,40.414,1227032
2018-03-23,39.812,41.205,39.812,40.471,1173340
2018-03-26,40.649,41.064,40.113,40.122,683209
2018-03-27,40.922,41.139,39.878,39.878,775314
2018-03-28,39.736,40.104,39.078,39.435,2483780
2018-03-29,39.529,39.765,38.889,39.294,964765
2018-04-03,39.294,39.953,38.598,39.774,1471627
2018-04-04,39.718,39.746,38.682,38.758,923721
2018-04-05,39.529,39.671,39.068,39.351,771049
2018-04-06,39.398,39.398,38.645,39.162,751492
2018-04-09,39.181,39.501,38.682,38.682,1984524
2018-04-10,39.106,39.247,38.456,38.494,2009193
2018-04-11,38.645,38.889,38.409,38.588,3063448
2018-04-12,38.692,40.16,38.588,40.16,3096845
2018-04-13,40.376,40.518,39.661,39.972,971827
2018-04-16,39.972,40.141,39.482,39.718,663559
2018-04-17,40,40.772,39.699,40.753,1275929
2018-04-18,40.772,40.941,40.151,40.64,1277033
2018-04-19,40.546,41.459,40.282,41.412,1880475
2018-04-20,41.224,41.365,40.489,40.489,1935224
2018-04-23,40.471,40.706,40.188,40.254,750129
2018-04-24,40.414,40.922,39.727,39.896,1053178
2018-04-25,39.784,40.282,39.652,40.282,1193887
2018-04-26,40.358,40.358,39.774,39.962,823066
2018-04-27,40.085,40.471,39.925,40.179,1622943
2018-04-30,40.414,40.518,40.198,40.395,591226
2018-05-02,40.395,40.395,39.492,39.765,1025045
2018-05-04,39.529,39.548,38.541,38.946,1834262
2018-05-07,39.002,39.294,38.155,38.278,822805
2018-05-08,38.202,38.202,37.064,37.6,3773996
2018-05-09,37.6,38.202,37.365,37.92,3090501
2018-05-10,38.061,38.146,37.553,37.647,1746434
2018-05-11,37.779,37.948,37.722,37.845,2880891
2018-05-14,37.835,38.231,37.675,37.864,1208241
2018-05-15,37.647,37.722,36.913,36.941,1716786
2018-05-16,37.355,37.647,36.188,36.744,2686443
2018-05-17,36.744,36.744,35.849,36.141,1349341
2018-05-18,36.216,36.536,36.132,36.301,1355755
2018-05-21,36.311,36.847,36.311,36.706,968535
2018-05-22,36.847,36.847,36.405,36.518,1585641
2018-05-23,36.471,36.471,35.068,35.332,2820909
2018-05-24,35.454,36.188,35.351,35.887,1106977
2018-05-25,35.887,36.169,35.059,35.812,1463396
2018-05-28,35.765,36.8,35.614,36.8,1139533
2018-05-29,36.282,36.518,35.228,35.398,2854884
2018-05-30,35.529,35.529,34.174,34.174,4641678
2018-06-01,34.268,35.671,34.268,35.671,1598710
2018-06-04,35.896,36.264,34.955,35.906,1793530
2018-06-05,36.141,36.649,35.416,36.649,1613443
2018-06-06,36.536,36.715,36.132,36.565,1306116
2018-06-07,36.706,36.894,36.452,36.678,1100509
2018-06-08,36.518,36.518,36.047,36.282,1266136
2018-06-11,36.555,36.612,35.812,35.831,853572
2018-06-12,35.896,36.471,35.699,36.282,900571
2018-06-13,36.282,36.282,35.332,35.624,1302934
2018-06-14,35.482,35.934,35.266,35.576,1814706
2018-06-15,35.576,35.671,35.294,35.388,2757285
2018-06-18,35.482,36.348,34.296,34.296,1321885
2018-06-19,34.165,34.814,33.506,34.814,1966421
2018-06-20,34.824,36.122,34.729,35.435,1589743
2018-06-21,35.727,36.696,35.576,36.489,2401410
2018-06-22,36.593,36.612,35.699,36.009,2808625
2018-06-25,35.633,35.906,35.2,35.699,2347048
2018-06-26,35.953,36.734,35.784,36.094,1495487
2018-06-27,36.047,36.706,35.915,36.442,2123027
2018-06-28,36.612,36.847,35.2,35.238,2624175
2018-06-29,35.576,36.687,35.52,36.687,1472707
2018-07-02,36.141,36.329,35.398,35.953,1539036
2018-07-03,35.934,36.687,35.633,36.678,1005398
2018-07-04,36.518,36.8,36.292,36.706,1555939
2018-07-05,36.536,37.073,36.348,36.631,2414962
2018-07-06,36.612,36.894,36.358,36.593,1729683
2018-07-09,36.772,36.809,36.188,36.414,751793
2018-07-10,36.631,36.847,36.254,36.612,3377234
2018-07-11,36.424,36.565,36.188,36.329,1276568
2018-07-12,36.546,36.546,36.028,36.094,786628
2018-07-13,36.273,36.574,35.859,35.962,657335
2018-07-16,36,36.226,35.567,35.567,482920
2018-07-17,35.849,35.849,34.776,35.511,1764991
2018-07-18,35.642,36.16,35.426,35.576,993506
2018-07-19,35.624,36.678,35.464,36.424,982860
2018-07-20,36.348,37.346,36.348,37.346,3426135
2018-07-23,37.459,37.929,36.819,37.299,2584921
2018-07-24,37.468,37.553,37.12,37.224,2177408
2018-07-25,37.534,37.534,36.941,36.979,990238
2018-07-26,37.139,39.115,36.772,38.824,4195664
2018-07-27,38.776,39.144,38.409,38.447,770526
2018-07-30,38.447,39.501,38.146,39.435,1463455
2018-07-31,39.247,39.953,39.209,39.529,2313754
2018-08-01,39.529,39.529,38.729,39.529,1524061
2018-08-02,39.464,39.642,38.814,38.965,1168102
2018-08-03,38.88,39.313,38.551,38.701,1221434
2018-08-06,38.701,39.426,38.353,39.36,766836
2018-08-07,39.482,39.774,39.059,39.153,1554042
2018-08-08,39.548,40.753,39.52,40.122,2166628
2018-08-09,40.094,40.734,39.36,40.734,1237084
2018-08-10,40.329,40.329,38.682,38.682,2455997
2018-08-13,38.588,39.172,38.221,38.682,1086249
2018-08-14,38.965,39.351,38.833,39.134,804262
2018-08-16,38.918,39.605,38.513,39.529,1714944
2018-08-17,39.529,39.595,38.306,38.428,881827
2018-08-20,38.541,39.388,38.513,38.522,1011817
2018-08-21,38.833,39.868,38.682,39.868,1032381
2018-08-22,39.906,40.659,39.576,40.565,1960844
2018-08-23,40.471,41.496,40.433,41.412,2155911
2018-08-24,41.412,41.751,40.762,40.922,1310933
2018-08-27,41.167,42.249,41.129,42.165,1500525
2018-08-28,42.259,42.729,41.421,41.939,2200458
2018-08-29,42.089,42.767,41.741,42.024,1499863
2018-08-30,42.165,42.259,41.289,41.412,2016239
2018-08-31,41.506,42.033,40.659,42.033,2294771
2018-09-03,42.287,42.711,41.976,42.447,1113687
2018-09-04,42.635,43.012,41.139,41.647,1608092
2018-09-05,41.779,42.136,41.384,41.506,1432528
2018-09-06,41.459,42.155,41.384,41.967,2724187
2018-09-07,41.967,41.976,40.282,40.471,2956390
2018-09-10,40.471,40.847,39.708,40,2545586
2018-09-11,40.3,40.65,39.78,39.8,1940883
2018-09-12,40.09,40.13,38.86,38.86,4253001
2018-09-13,38.86,39.56,38.86,39.4,2447959
2018-09-14,39.5,39.58,38.91,38.94,922907
2018-09-17,38.98,39.4,38.85,39,2303431
2018-09-18,38.81,39.4,38.81,39.2,1649933
2018-09-19,39.25,39.8,38.75,39.62,2333404
2018-09-20,39.77,40.08,39.57,40,2759450
2018-09-21,40.06,40.3,39.46,39.46,12377223
2018-09-24,39.8,40,39.24,40,1568500
2018-09-25,40.18,40.5,39.75,40.11,2487278
2018-09-26,40.1,40.46,39.9,40.4,2045496
2018-09-27,40.2,40.46,39.92,40.46,1453592
2018-09-28,40.21,40.34,39.1,39.7,1431770
